INSERT INTO starfall.advertisement (id, title, file, date, link, position, sequence) VALUES ('1', '意外爱上霸道总裁1111123123123', 'advertisement/home/top1.png', '2025-09-10 00:00:00', '/topic/detail/202301251514118494a86gh7', 'home', 5);
INSERT INTO starfall.advertisement (id, title, file, date, link, position, sequence) VALUES ('10', 'Minecraft惊现丘丘人', 'advertisement/talk/ad6.png', '2024-09-12 13:50:17', '/topic/detail/202309192322127657jghyu6', 'talk', 3);
INSERT INTO starfall.advertisement (id, title, file, date, link, position, sequence) VALUES ('2', '充电2小时，通话五分钟', 'advertisement/home/top2.png', '2025-09-12 12:26:26', '/topic/detail/202302141514118494jki876', 'home', 2);
INSERT INTO starfall.advertisement (id, title, file, date, link, position, sequence) VALUES ('3', '哥斯拉惊现日本首尔，成功的把韩国东京给团灭了', 'advertisement/home/top3.png', '2025-09-12 12:26:26', '/topic/detail/202304092314116757ky97', 'home', 3);
INSERT INTO starfall.advertisement (id, title, file, date, link, position, sequence) VALUES ('4', '请不要把你的脑子跟狗比，狗比你聪明', 'advertisement/home/top4.png', '2025-09-12 12:26:26', '/topic/detail/202306021223128374u765ds', 'home', 4);
INSERT INTO starfall.advertisement (id, title, file, date, link, position, sequence) VALUES ('5', '生活不止眼前的苟且，还有诗和远方', 'advertisement/resource/ad1.png', '2024-09-12 13:50:17', '/topic/detail/202307032232468750kujjh7', 'resource', 1);
INSERT INTO starfall.advertisement (id, title, file, date, link, position, sequence) VALUES ('6', '南柯一梦，庄周梦蝶，只是不知道，究竟谁是庄周谁是蝶', 'advertisement/resource/ad2.png', '2024-09-12 13:50:17', '/topic/detail/202307050154114312hg67yu', 'resource', 2);
INSERT INTO starfall.advertisement (id, title, file, date, link, position, sequence) VALUES ('7', '不知道起什么标题了，想不出什么脑梗文了', 'advertisement/resource/ad3.png', '2024-09-12 13:50:17', '/topic/detail/202307280812568739kj87yu', 'resource', 3);
INSERT INTO starfall.advertisement (id, title, file, date, link, position, sequence) VALUES ('8', '这个人很懒，标题的懒得编，我**就是懒，怎么滴', 'advertisement/talk/ad4.png', '2024-09-12 13:50:17', '/topic/detail/202309161734220648k7g8m3', 'talk', 1);
INSERT INTO starfall.advertisement (id, title, file, date, link, position, sequence) VALUES ('9', '真想不出了，就这样把！', 'advertisement/talk/ad5.png', '2024-09-12 13:50:17', '/topic/detail/202309192013549547r6tfgh', 'talk', 2);
INSERT INTO starfall.advertisement (id, title, file, date, link, position, sequence) VALUES ('AD202603032022387701ntw6', '老铁们点赞刷起来666666666666666', 'advertisement/live/AD202603032022387701ntw6.png', '2026-03-03 00:00:00', '/topic/detail/202307280812568739kj87yu', 'live', 1);
INSERT INTO starfall.advertisement (id, title, file, date, link, position, sequence) VALUES ('AD202603032023463174kb9w', '886了，老铁们', 'advertisement/live/AD202603032023463174kb9w.png', '2026-03-03 00:00:00', '/topic/detail/20251107083821672629qx6l', 'live', 2);

INSERT INTO starfall.chat_notice (from_user, to_user, date, content) VALUES ('admin', 'StarFall', '2024-04-10 08:29:25', '测试消息12[&divide&]测试消息13');
INSERT INTO starfall.chat_notice (from_user, to_user, date, content) VALUES ('admin', 'StarFall', '2024-06-11 13:55:06', '12312312312');
INSERT INTO starfall.chat_notice (from_user, to_user, date, content) VALUES ('master', 'admin', '2025-09-06 03:06:00', 'dd!');
INSERT INTO starfall.chat_notice (from_user, to_user, date, content) VALUES ('master', 'admin', '2025-09-06 03:12:00', '您的帖子<a href="/topic/detail/202301251514118494a86gh7" target="_blank">[1.8.x-1.9.x][Spigot]StarFall空岛生存>巨大更新[物品扩展|粘液科技]111111111111111111111111111</a>已被管理员123设置为已发布
原因：无');
INSERT INTO starfall.chat_notice (from_user, to_user, date, content) VALUES ('master', 'admin', '2025-09-06 03:14:00', '您的帖子<a href="/topic/detail/202301251514118494a86gh7" target="_blank">[1.8.x-1.9.x][Spigot]StarFall空岛生存>巨大更新[物品扩展|粘液科技]</a>已被管理员123设置为<span style="color: darkred;">待整改</span><br/>原因：666');
INSERT INTO starfall.chat_notice (from_user, to_user, date, content) VALUES ('master', 'admin', '2025-09-06 03:22:00', '您的帖子<a href="/topic/detail/202301251514118494a86gh7" target="_blank">[1.8.x-1.9.x][Spigot]StarFall空岛生存>巨大更新[物品扩展|粘液科技]</a>已被 <a href="/personal/other/master" target="_blank">版主</a> 设置为 <span style="color: darkgreen;">已发布</span> 状态。<br/>原因：1');
INSERT INTO starfall.chat_notice (from_user, to_user, date, content) VALUES ('master', 'admin', '2025-09-06 03:33:00', 'dd!');
INSERT INTO starfall.chat_notice (from_user, to_user, date, content) VALUES ('admin', 'master', '2026-01-12 23:45:40', '哈哈');
INSERT INTO starfall.chat_notice (from_user, to_user, date, content) VALUES ('live_master', 'test', '2026-01-21 23:40:29', '您的直播申请(https://live.bilibili.com/3971693)已被<span style=\'color:darkred\'>拒绝</span>，原因：不符合该游戏直播[&divide&]您的直播申请(https://live.bilibili.com/9576151)已被<span style=\'color:darkred\'>拒绝</span>，原因：不符合该游戏直播');
INSERT INTO starfall.chat_notice (from_user, to_user, date, content) VALUES ('live_master', 'test', '2026-01-21 23:41:43', '您的直播申请(https://live.bilibili.com/5598990)已被<span style=\'color:darkgreen\'>通过</span>，原因：符合[&divide&]您的直播申请(https://live.bilibili.com/887004)已被<span style=\'color:darkgreen\'>通过</span>，原因：符合[&divide&]您的直播申请(https://live.bilibili.com/407149)已被<span style=\'color:darkgreen\'>通过</span>，原因：符合[&divide&]您的直播申请(https://live.bilibili.com/291873)已被<span style=\'color:darkgreen\'>通过</span>，原因：符合');
INSERT INTO starfall.chat_notice (from_user, to_user, date, content) VALUES ('live_master', 'test', '2026-01-21 23:42:59', '您的直播申请(https://live.bilibili.com/545100)已被<span style=\'color:darkgreen\'>通过</span>，原因：符合');
INSERT INTO starfall.chat_notice (from_user, to_user, date, content) VALUES ('qwe111', 'admin', '2026-02-25 22:33:28', '你好
');
INSERT INTO starfall.chat_notice (from_user, to_user, date, content) VALUES ('admin', 'qwe111', '2026-02-25 22:52:55', '我要验牌[&divide&]牌没问题[&divide&]很快你就没了[&divide&]请数据库给你删了');
INSERT INTO starfall.chat_notice (from_user, to_user, date, content) VALUES ('admin', 'qwe111', '2026-04-11 02:03:07', ':2026.hourse.1:');
INSERT INTO starfall.chat_notice (from_user, to_user, date, content) VALUES ('admin', 'qwe111', '2026-04-11 02:05:57', ':2026.apple.0:[&divide&]:2026.pig.0:[&divide&]:2025.sheep.0::2025.enderman.0:');
INSERT INTO starfall.chat_notice (from_user, to_user, date, content) VALUES ('admin', 'test', '2026-04-15 23:23:52', 'nihao !');
INSERT INTO starfall.chat_notice (from_user, to_user, date, content) VALUES ('test', 'admin', '2026-04-15 23:23:57', '你好你好！[&divide&]:mc.item.axolotl_spawn_egg:');
INSERT INTO starfall.chat_notice (from_user, to_user, date, content) VALUES ('admin', 'test', '2026-04-17 19:57:16', ':mc.item.axolotl_spawn_egg:');
INSERT INTO starfall.chat_notice (from_user, to_user, date, content) VALUES ('admin', 'test', '2026-04-17 20:01:33', ':mc.item.axolotl_spawn_egg:[&divide&]:mc.item.axolotl_spawn_egg:[&divide&]1

');
INSERT INTO starfall.chat_notice (from_user, to_user, date, content) VALUES ('test', 'admin', '2026-04-17 21:58:55', '123');
INSERT INTO starfall.chat_notice (from_user, to_user, date, content) VALUES ('test', 'admin', '2026-04-17 22:00:17', '1233
[&divide&]4444');
INSERT INTO starfall.chat_notice (from_user, to_user, date, content) VALUES ('admin', 'test', '2026-04-17 22:05:37', '123');
INSERT INTO starfall.chat_notice (from_user, to_user, date, content) VALUES ('admin', 'test', '2026-04-17 22:08:50', '123[&divide&]1[&divide&]232');
INSERT INTO starfall.chat_notice (from_user, to_user, date, content) VALUES ('admin', 'test', '2026-04-17 22:10:56', '123213[&divide&]123123');
INSERT INTO starfall.chat_notice (from_user, to_user, date, content) VALUES ('admin', 'test', '2026-04-17 22:12:05', '123[&divide&]4444');
INSERT INTO starfall.chat_notice (from_user, to_user, date, content) VALUES ('admin', 'test', '2026-04-17 22:17:32', 'asdasd
');
INSERT INTO starfall.chat_notice (from_user, to_user, date, content) VALUES ('admin', 'qwe111', '2026-04-17 22:17:38', ':2025.enderman.0:');
INSERT INTO starfall.chat_notice (from_user, to_user, date, content) VALUES ('admin', 'test', '2026-04-18 01:38:19', ':mc.item.bamboo:');
INSERT INTO starfall.chat_notice (from_user, to_user, date, content) VALUES ('admin', 'test', '2026-04-18 02:33:49', 'asdasd');
INSERT INTO starfall.chat_notice (from_user, to_user, date, content) VALUES ('admin', 'qwe111', '2026-04-18 02:33:54', 'dddddd');

INSERT INTO starfall.collection (user, topicId, date) VALUES ('admin', '202309192013549547r6tfgh', '2025-11-02 16:56:28');
INSERT INTO starfall.collection (user, topicId, date) VALUES ('admin', '202306021223128374u765ds', '2025-11-02 16:57:37');
INSERT INTO starfall.collection (user, topicId, date) VALUES ('admin', '202302141514118494jki876', '2025-11-04 14:19:02');
INSERT INTO starfall.collection (user, topicId, date) VALUES ('master', '202307032232468750kujjh7', '2025-11-06 10:33:17');
INSERT INTO starfall.collection (user, topicId, date) VALUES ('admin', '202301251514118494a86gh7', '2021-11-07 21:43:06');
INSERT INTO starfall.collection (user, topicId, date) VALUES ('admin', '202511052356018586wwke4m', '2026-03-09 14:53:07');
INSERT INTO starfall.collection (user, topicId, date) VALUES ('admin', '202511060043463312c2yavh', '2026-04-01 23:38:06');
INSERT INTO starfall.collection (user, topicId, date) VALUES ('admin', '202511060043463312c2yavh', '2026-04-01 23:38:07');
INSERT INTO starfall.collection (user, topicId, date) VALUES ('admin', '202511060043463312c2yavh', '2026-04-01 23:38:08');
INSERT INTO starfall.collection (user, topicId, date) VALUES ('admin', '202511060043463312c2yavh', '2026-04-01 23:38:15');
INSERT INTO starfall.collection (user, topicId, date) VALUES ('admin', '202511060043463312c2yavh', '2026-04-01 23:38:16');
INSERT INTO starfall.collection (user, topicId, date) VALUES ('admin', '202309198512128456adqewe', '2026-04-15 23:55:26');
INSERT INTO starfall.collection (user, topicId, date) VALUES ('admin', '202511041506051459xr9xhj', '2026-04-16 23:08:36');
INSERT INTO starfall.collection (user, topicId, date) VALUES ('admin', '202604180033478898buja9h', '2026-04-18 08:35:08');

INSERT INTO starfall.comment (topicId, user, date, content, weight) VALUES ('202301251514118494a86gh7', 'test', '2022-08-23 09:53:37', '测试数据-2gm90Eex82', 0);
INSERT INTO starfall.comment (topicId, user, date, content, weight) VALUES ('202309198512128456adqewe', 'test', '2023-06-18 03:51:11', '测试数据-BqJbbaKsZn', 0);
INSERT INTO starfall.comment (topicId, user, date, content, weight) VALUES ('202309198512128456adqewe', 'admin', '2023-06-19 14:07:36', '测试数据-XXclpjFgs1', 0);
INSERT INTO starfall.comment (topicId, user, date, content, weight) VALUES ('202309198512128456adqewe', 'admin', '2023-11-29 05:27:40', '测试数据-jpM8PUdbiN', 0);
INSERT INTO starfall.comment (topicId, user, date, content, weight) VALUES ('202309161734220648k7g8m3', 'admin', '2023-04-08 13:23:22', '测试数据-2NI9VrziVt', 0);
INSERT INTO starfall.comment (topicId, user, date, content, weight) VALUES ('202304092314116757ky97', 'qwe111', '2024-04-27 04:17:13', '测试数据-0aOwODGMOb', 0);
INSERT INTO starfall.comment (topicId, user, date, content, weight) VALUES ('202309198512128456adqewe', 'admin', '2022-09-09 04:24:51', '测试数据-dTgDoaxb5e', 0);
INSERT INTO starfall.comment (topicId, user, date, content, weight) VALUES ('202301251514118494a86gh7', 'admin', '2024-05-14 05:57:23', '测试数据-kQoK4lZEjN', 0);
INSERT INTO starfall.comment (topicId, user, date, content, weight) VALUES ('202301251514118494a86gh7', 'qwe111', '2023-09-02 13:22:46', '测试数据-yoOgQg7KN1', 0);
INSERT INTO starfall.comment (topicId, user, date, content, weight) VALUES ('202309192013549547r6tfgh', 'admin', '2023-03-05 02:36:54', '测试数据-NqvNA55k9n', 0);
INSERT INTO starfall.comment (topicId, user, date, content, weight) VALUES ('202301251514118494a86gh7', 'admin', '2022-06-29 19:46:26', '测试数据-bgKXTT3w0I', 0);
INSERT INTO starfall.comment (topicId, user, date, content, weight) VALUES ('202309198512128456adqewe', 'admin', '2024-10-25 14:28:13', '测试数据-KbcCyNGrg2', 0);
INSERT INTO starfall.comment (topicId, user, date, content, weight) VALUES ('202309198512128456adqewe', 'admin', '2022-01-10 17:05:05', '测试数据-abotFUYZLd', 0);
INSERT INTO starfall.comment (topicId, user, date, content, weight) VALUES ('202309198512128456adqewe', 'test', '2023-09-19 23:41:53', '测试数据-0YHacqu0sz', 0);
INSERT INTO starfall.comment (topicId, user, date, content, weight) VALUES ('202304092314116757ky97', 'admin', '2023-10-15 08:51:05', '测试数据-UXBrfqyWA3', 0);
INSERT INTO starfall.comment (topicId, user, date, content, weight) VALUES ('202306021223128374u765ds', 'admin', '2023-01-09 09:53:00', '测试数据-nMwRBDpF3w', 0);
INSERT INTO starfall.comment (topicId, user, date, content, weight) VALUES ('202309161734220648k7g8m3', 'test', '2024-11-01 18:21:24', '测试数据-6lfh88an3S', 0);
INSERT INTO starfall.comment (topicId, user, date, content, weight) VALUES ('202307050154114312hg67yu', 'test', '2022-03-05 21:09:29', '测试数据-e0I3NK8Rw1', 0);
INSERT INTO starfall.comment (topicId, user, date, content, weight) VALUES ('202309192322127657jghyu6', 'qwe111', '2024-12-02 04:21:34', '测试数据-uPsXzC4QHs', 0);
INSERT INTO starfall.comment (topicId, user, date, content, weight) VALUES ('202307280812568739kj87yu', 'admin', '2023-05-02 16:28:23', '测试数据-CoU8atgxWK', 0);
INSERT INTO starfall.comment (topicId, user, date, content, weight) VALUES ('202307280812568739kj87yu', 'qwe111', '2024-10-26 06:53:34', '测试数据-AjaySqsoMy', 0);
INSERT INTO starfall.comment (topicId, user, date, content, weight) VALUES ('202309192322127657jghyu6', 'admin', '2023-04-03 11:42:25', '测试数据-KjkQ0w3e5O', 0);
INSERT INTO starfall.comment (topicId, user, date, content, weight) VALUES ('202301251514118494a86gh7', 'test', '2024-09-03 00:28:27', '测试数据-N8xt3NPQkt', 0);
INSERT INTO starfall.comment (topicId, user, date, content, weight) VALUES ('202302141514118494jki876', 'admin', '2024-11-20 04:15:43', '测试数据-62UsEhjXdo', 0);
INSERT INTO starfall.comment (topicId, user, date, content, weight) VALUES ('202309192322127657jghyu6', 'test', '2022-10-05 20:19:25', '测试数据-OHbtf1tWNZ', 0);
INSERT INTO starfall.comment (topicId, user, date, content, weight) VALUES ('202306021223128374u765ds', 'test', '2024-08-29 07:06:41', '测试数据-edqZz4uNn1', 0);
INSERT INTO starfall.comment (topicId, user, date, content, weight) VALUES ('202309161734220648k7g8m3', 'test', '2024-01-21 16:28:07', '测试数据-qIHoTVy4UW', 0);
INSERT INTO starfall.comment (topicId, user, date, content, weight) VALUES ('202302141514118494jki876', 'test', '2024-06-24 04:35:58', '测试数据-e68fYRxMR3', 0);
INSERT INTO starfall.comment (topicId, user, date, content, weight) VALUES ('202309198512128456adqewe', 'qwe111', '2024-04-23 12:12:43', '测试数据-mJjBGEPpfQ', 0);
INSERT INTO starfall.comment (topicId, user, date, content, weight) VALUES ('202307032232468750kujjh7', 'admin', '2023-08-11 00:25:22', '测试数据-EcELzlSkHx', 0);
INSERT INTO starfall.comment (topicId, user, date, content, weight) VALUES ('202307280812568739kj87yu', 'qwe111', '2023-09-18 21:28:08', '测试数据-8W7juk6c3j', 0);
INSERT INTO starfall.comment (topicId, user, date, content, weight) VALUES ('202302141514118494jki876', 'test', '2023-11-28 19:42:47', '测试数据-vBjNuC3537', 0);
INSERT INTO starfall.comment (topicId, user, date, content, weight) VALUES ('202309198512128456adqewe', 'admin', '2023-06-13 23:09:47', '测试数据-ivdiF6iNdt', 0);
INSERT INTO starfall.comment (topicId, user, date, content, weight) VALUES ('202307280812568739kj87yu', 'test', '2023-08-23 21:47:57', '测试数据-R3w17J1hWa', 0);
INSERT INTO starfall.comment (topicId, user, date, content, weight) VALUES ('202307032232468750kujjh7', 'test', '2023-02-24 10:22:12', '测试数据-uROc4qnzPI', 0);
INSERT INTO starfall.comment (topicId, user, date, content, weight) VALUES ('202309192013549547r6tfgh', 'admin', '2022-03-05 20:38:54', '测试数据-vAsgFulWCk', 0);
INSERT INTO starfall.comment (topicId, user, date, content, weight) VALUES ('202309198512128456adqewe', 'test', '2022-04-08 02:27:25', '测试数据-roohGcztHV', 0);
INSERT INTO starfall.comment (topicId, user, date, content, weight) VALUES ('202309198512128456adqewe', 'qwe111', '2023-01-12 07:55:35', '测试数据-IoQaQIXIsq', 0);
INSERT INTO starfall.comment (topicId, user, date, content, weight) VALUES ('202307280812568739kj87yu', 'admin', '2023-01-05 02:10:09', '测试数据-fs5BP2wjgl', 0);
INSERT INTO starfall.comment (topicId, user, date, content, weight) VALUES ('202309192013549547r6tfgh', 'qwe111', '2024-11-03 05:41:31', '测试数据-3bPmKvd5Du', 0);
INSERT INTO starfall.comment (topicId, user, date, content, weight) VALUES ('202309192322127657jghyu6', 'admin', '2023-08-05 01:47:06', '测试数据-95nPUQWX4H', 0);
INSERT INTO starfall.comment (topicId, user, date, content, weight) VALUES ('202309161734220648k7g8m3', 'admin', '2022-09-11 07:44:20', '测试数据-T1Ra9sECXk', 0);
INSERT INTO starfall.comment (topicId, user, date, content, weight) VALUES ('202307280812568739kj87yu', 'test', '2024-06-10 23:08:43', '测试数据-E3YFe1ehb8', 0);
INSERT INTO starfall.comment (topicId, user, date, content, weight) VALUES ('202307050154114312hg67yu', 'qwe111', '2024-03-10 03:04:34', '测试数据-b83VhVX5Lj', 0);
INSERT INTO starfall.comment (topicId, user, date, content, weight) VALUES ('202304092314116757ky97', 'admin', '2023-04-08 22:52:06', '测试数据-nROjjLVoFN', 0);
INSERT INTO starfall.comment (topicId, user, date, content, weight) VALUES ('202309198512128456adqewe', 'qwe111', '2022-05-14 03:49:16', '测试数据-fuufatX6O1', 0);
INSERT INTO starfall.comment (topicId, user, date, content, weight) VALUES ('202301251514118494a86gh7', 'qwe111', '2024-10-22 14:29:54', '测试数据-mQHSCruqsK', 0);
INSERT INTO starfall.comment (topicId, user, date, content, weight) VALUES ('202301251514118494a86gh7', 'admin', '2024-08-15 23:26:22', '测试数据-DxjcOuSdGD', 0);
INSERT INTO starfall.comment (topicId, user, date, content, weight) VALUES ('202301251514118494a86gh7', 'test', '2022-03-01 18:54:59', '测试数据-AMiCSzwZwM', 0);
INSERT INTO starfall.comment (topicId, user, date, content, weight) VALUES ('202307050154114312hg67yu', 'admin', '2024-03-15 19:33:48', '测试数据-9fdF7nUamd', 0);
INSERT INTO starfall.comment (topicId, user, date, content, weight) VALUES ('202309161734220648k7g8m3', 'admin', '2024-03-12 03:15:52', '测试数据-qAIAQAwgur', 0);
INSERT INTO starfall.comment (topicId, user, date, content, weight) VALUES ('202309192322127657jghyu6', 'test', '2024-11-01 11:12:51', '测试数据-ySCZUjopiq', 0);
INSERT INTO starfall.comment (topicId, user, date, content, weight) VALUES ('202306021223128374u765ds', 'admin', '2022-06-22 10:05:04', '测试数据-89rZOzULzd', 0);
INSERT INTO starfall.comment (topicId, user, date, content, weight) VALUES ('202304092314116757ky97', 'admin', '2023-08-12 22:49:58', '测试数据-MfwqtjGMij', 0);
INSERT INTO starfall.comment (topicId, user, date, content, weight) VALUES ('202309192322127657jghyu6', 'admin', '2024-09-18 20:29:24', '测试数据-Ewrna9Pftg', 0);
INSERT INTO starfall.comment (topicId, user, date, content, weight) VALUES ('202306021223128374u765ds', 'admin', '2024-11-22 01:47:03', '测试数据-KOIEQrUTRX', 0);
INSERT INTO starfall.comment (topicId, user, date, content, weight) VALUES ('202309161734220648k7g8m3', 'admin', '2024-07-05 15:15:45', '测试数据-LkgRh9sSwx', 0);
INSERT INTO starfall.comment (topicId, user, date, content, weight) VALUES ('202307032232468750kujjh7', 'qwe111', '2023-05-21 11:36:22', '测试数据-IVcrgLClIg', 0);
INSERT INTO starfall.comment (topicId, user, date, content, weight) VALUES ('202304092314116757ky97', 'admin', '2024-01-16 21:51:30', '测试数据-CTWkaA4UOW', 0);
INSERT INTO starfall.comment (topicId, user, date, content, weight) VALUES ('202309161734220648k7g8m3', 'qwe111', '2023-05-06 02:58:11', '测试数据-jGILtOmzvz', 0);
INSERT INTO starfall.comment (topicId, user, date, content, weight) VALUES ('202306021223128374u765ds', 'admin', '2022-01-05 06:43:13', '测试数据-aGFYbfA85p', 1);
INSERT INTO starfall.comment (topicId, user, date, content, weight) VALUES ('202307032232468750kujjh7', 'qwe111', '2022-08-07 23:41:53', '测试数据-Zt0yhdU8jV', 0);
INSERT INTO starfall.comment (topicId, user, date, content, weight) VALUES ('202304092314116757ky97', 'test', '2024-07-05 15:07:40', '测试数据-TDM8LW9TMm', 0);
INSERT INTO starfall.comment (topicId, user, date, content, weight) VALUES ('202309192322127657jghyu6', 'admin', '2023-10-30 09:03:00', '测试数据-5EC0Meeqii', 0);
INSERT INTO starfall.comment (topicId, user, date, content, weight) VALUES ('202309161734220648k7g8m3', 'admin', '2022-11-14 16:19:16', '测试数据-IlDrE1Kb9H', 0);
INSERT INTO starfall.comment (topicId, user, date, content, weight) VALUES ('202307280812568739kj87yu', 'qwe111', '2023-12-05 03:24:27', '测试数据-QD8aPA7uKq', 0);
INSERT INTO starfall.comment (topicId, user, date, content, weight) VALUES ('202309161734220648k7g8m3', 'test', '2024-11-14 13:56:36', '测试数据-JYlOE3dkd9', 0);
INSERT INTO starfall.comment (topicId, user, date, content, weight) VALUES ('202306021223128374u765ds', 'test', '2024-06-12 23:15:20', '测试数据-gpuQgyHZqh', 0);
INSERT INTO starfall.comment (topicId, user, date, content, weight) VALUES ('202309161734220648k7g8m3', 'qwe111', '2024-05-06 06:12:48', '测试数据-Lg90C3q6ec', 0);
INSERT INTO starfall.comment (topicId, user, date, content, weight) VALUES ('202309192322127657jghyu6', 'qwe111', '2024-01-16 02:35:42', '测试数据-V5TOSeP5FW', 0);
INSERT INTO starfall.comment (topicId, user, date, content, weight) VALUES ('202306021223128374u765ds', 'admin', '2022-01-10 22:45:57', '测试数据-PcbZERea8l', 0);
INSERT INTO starfall.comment (topicId, user, date, content, weight) VALUES ('202307032232468750kujjh7', 'admin', '2023-05-11 02:19:16', '测试数据-OQRST7qHfw', 0);
INSERT INTO starfall.comment (topicId, user, date, content, weight) VALUES ('202309198512128456adqewe', 'admin', '2022-01-30 11:04:15', '测试数据-8XvlNkAcu1', 0);
INSERT INTO starfall.comment (topicId, user, date, content, weight) VALUES ('202309192013549547r6tfgh', 'qwe111', '2022-12-23 04:23:07', '测试数据-n3NvMR3kQP', 0);
INSERT INTO starfall.comment (topicId, user, date, content, weight) VALUES ('202306021223128374u765ds', 'qwe111', '2024-01-20 20:50:38', '测试数据-4eD3iOJf40', 0);
INSERT INTO starfall.comment (topicId, user, date, content, weight) VALUES ('202309198512128456adqewe', 'qwe111', '2024-08-15 04:24:00', '测试数据-vviFYuRTGd', 0);
INSERT INTO starfall.comment (topicId, user, date, content, weight) VALUES ('202302141514118494jki876', 'test', '2023-08-25 03:10:39', '测试数据-h9AdbTm0Hv', 0);
INSERT INTO starfall.comment (topicId, user, date, content, weight) VALUES ('202307032232468750kujjh7', 'qwe111', '2024-01-17 06:22:31', '测试数据-LFCHdY0DGd', 0);
INSERT INTO starfall.comment (topicId, user, date, content, weight) VALUES ('202302141514118494jki876', 'admin', '2023-06-08 06:21:54', '测试数据-Ko02PKSFC2', 0);
INSERT INTO starfall.comment (topicId, user, date, content, weight) VALUES ('202301251514118494a86gh7', 'admin', '2022-06-02 07:18:40', '测试数据-UB9fWhvzxV', 0);
INSERT INTO starfall.comment (topicId, user, date, content, weight) VALUES ('202307280812568739kj87yu', 'admin', '2023-11-17 05:48:06', '测试数据-qVlzPI5wcb', 0);
INSERT INTO starfall.comment (topicId, user, date, content, weight) VALUES ('202309192322127657jghyu6', 'test', '2024-11-18 14:55:52', '测试数据-aNAGReztCv', 0);
INSERT INTO starfall.comment (topicId, user, date, content, weight) VALUES ('202306021223128374u765ds', 'test', '2022-09-27 09:03:50', '测试数据-4fWpO0i9Nd', 0);
INSERT INTO starfall.comment (topicId, user, date, content, weight) VALUES ('202302141514118494jki876', 'admin', '2024-01-05 11:47:18', '测试数据-bNrg2KQlPg', 0);
INSERT INTO starfall.comment (topicId, user, date, content, weight) VALUES ('202306021223128374u765ds', 'test', '2023-01-31 08:31:18', '测试数据-VORNtuyK0B', 0);
INSERT INTO starfall.comment (topicId, user, date, content, weight) VALUES ('202302141514118494jki876', 'test', '2022-11-17 02:49:34', '测试数据-GZ74TaSnjt', 0);
INSERT INTO starfall.comment (topicId, user, date, content, weight) VALUES ('202302141514118494jki876', 'qwe111', '2024-11-11 12:48:47', '测试数据-Za3rdNeHvQ', 0);
INSERT INTO starfall.comment (topicId, user, date, content, weight) VALUES ('202309161734220648k7g8m3', 'admin', '2024-10-23 02:05:13', '测试数据-x3yoNF3eqq', 0);
INSERT INTO starfall.comment (topicId, user, date, content, weight) VALUES ('202301251514118494a86gh7', 'test', '2022-01-05 12:20:05', '测试数据-uCLcSDcZsH', 3);
INSERT INTO starfall.comment (topicId, user, date, content, weight) VALUES ('202309192013549547r6tfgh', 'test', '2023-11-10 13:09:53', '测试数据-WUbtSIDXpA', 0);
INSERT INTO starfall.comment (topicId, user, date, content, weight) VALUES ('202307280812568739kj87yu', 'test', '2023-07-23 20:51:25', '测试数据-JCzcgq8fSy', 0);
INSERT INTO starfall.comment (topicId, user, date, content, weight) VALUES ('202307280812568739kj87yu', 'qwe111', '2023-12-28 15:59:03', '测试数据-oYnhcVppYA', 0);
INSERT INTO starfall.comment (topicId, user, date, content, weight) VALUES ('202306021223128374u765ds', 'admin', '2022-07-14 04:34:38', '测试数据-MFsLw1KUbu', 0);
INSERT INTO starfall.comment (topicId, user, date, content, weight) VALUES ('202309161734220648k7g8m3', 'qwe111', '2023-07-11 21:14:11', '测试数据-iiXadeYJTJ', 0);
INSERT INTO starfall.comment (topicId, user, date, content, weight) VALUES ('202302141514118494jki876', 'test', '2022-03-27 13:33:45', '测试数据-uI94ui3FMa', 0);
INSERT INTO starfall.comment (topicId, user, date, content, weight) VALUES ('202301251514118494a86gh7', 'admin', '2024-10-30 01:54:12', '测试数据-5sePuYNzzK', 0);
INSERT INTO starfall.comment (topicId, user, date, content, weight) VALUES ('202309192322127657jghyu6', 'admin', '2022-03-06 17:52:14', '测试数据-YHeYUyqhKt', 0);
INSERT INTO starfall.comment (topicId, user, date, content, weight) VALUES ('202307280812568739kj87yu', 'test', '2022-07-06 04:36:44', '测试数据-6b5Y93zxw8', 0);
INSERT INTO starfall.comment (topicId, user, date, content, weight) VALUES ('202304092314116757ky97', 'test', '2023-11-29 19:44:58', '测试数据-Kpf9fnFjtx', 0);
INSERT INTO starfall.comment (topicId, user, date, content, weight) VALUES ('202307050154114312hg67yu', 'qwe111', '2024-11-23 00:34:55', '测试数据-VxnIOqlAT9', 0);
INSERT INTO starfall.comment (topicId, user, date, content, weight) VALUES ('202301251514118494a86gh7', 'test', '2024-02-05 07:29:13', '测试数据-9dhtpFsSv3', 0);
INSERT INTO starfall.comment (topicId, user, date, content, weight) VALUES ('202307050154114312hg67yu', 'test', '2023-05-08 16:30:00', '测试数据-HixR3i2k9Q', 0);
INSERT INTO starfall.comment (topicId, user, date, content, weight) VALUES ('202301251514118494a86gh7', 'test', '2024-09-24 03:50:24', '测试数据-QsEI78ThQv', 0);
INSERT INTO starfall.comment (topicId, user, date, content, weight) VALUES ('202309192013549547r6tfgh', 'test', '2024-09-17 02:22:54', '测试数据-6GMiuXZcX8', 0);
INSERT INTO starfall.comment (topicId, user, date, content, weight) VALUES ('202309192013549547r6tfgh', 'qwe111', '2023-05-18 07:43:58', '测试数据-5ryB6AJxFy', 0);
INSERT INTO starfall.comment (topicId, user, date, content, weight) VALUES ('202309198512128456adqewe', 'admin', '2024-11-23 20:03:08', '测试数据-1BQApyc54n', 1);
INSERT INTO starfall.comment (topicId, user, date, content, weight) VALUES ('202304092314116757ky97', 'qwe111', '2022-09-16 18:15:26', '测试数据-Pdv6DBY9Dx', 0);
INSERT INTO starfall.comment (topicId, user, date, content, weight) VALUES ('202309192013549547r6tfgh', 'admin', '2024-05-05 15:02:11', '测试数据-o1Q8AJG6j0', 0);
INSERT INTO starfall.comment (topicId, user, date, content, weight) VALUES ('202309192013549547r6tfgh', 'qwe111', '2022-06-24 20:06:44', '测试数据-rNyMxg2yBe', 0);
INSERT INTO starfall.comment (topicId, user, date, content, weight) VALUES ('202306021223128374u765ds', 'admin', '2024-11-25 14:00:50', '测试数据-iiz2Bo8uqj', 0);
INSERT INTO starfall.comment (topicId, user, date, content, weight) VALUES ('202309192013549547r6tfgh', 'test', '2024-03-20 11:41:33', '测试数据-OFQ8YekLPc', 0);
INSERT INTO starfall.comment (topicId, user, date, content, weight) VALUES ('202304092314116757ky97', 'qwe111', '2024-08-07 14:18:28', '测试数据-ueHYLDc3uP', 0);
INSERT INTO starfall.comment (topicId, user, date, content, weight) VALUES ('202302141514118494jki876', 'qwe111', '2024-04-05 16:14:45', '测试数据-KncMHv7NvO', 0);
INSERT INTO starfall.comment (topicId, user, date, content, weight) VALUES ('202307280812568739kj87yu', 'qwe111', '2024-07-16 18:46:44', '测试数据-JR17oLZHFG', 0);
INSERT INTO starfall.comment (topicId, user, date, content, weight) VALUES ('202309192322127657jghyu6', 'test', '2023-03-28 19:03:23', '测试数据-U5O8XJSIWn', 0);
INSERT INTO starfall.comment (topicId, user, date, content, weight) VALUES ('202307280812568739kj87yu', 'qwe111', '2023-03-26 21:43:48', '测试数据-I2A8GmOQzX', 0);
INSERT INTO starfall.comment (topicId, user, date, content, weight) VALUES ('202309192013549547r6tfgh', 'qwe111', '2023-01-29 18:41:26', '测试数据-DHGLlI0IZx', 0);
INSERT INTO starfall.comment (topicId, user, date, content, weight) VALUES ('202307050154114312hg67yu', 'qwe111', '2023-09-08 12:37:10', '测试数据-CoLPXvuk4G', 0);
INSERT INTO starfall.comment (topicId, user, date, content, weight) VALUES ('202307050154114312hg67yu', 'admin', '2023-08-23 04:05:31', '测试数据-p6m3YPzCuw', 0);
INSERT INTO starfall.comment (topicId, user, date, content, weight) VALUES ('202309198512128456adqewe', 'admin', '2022-07-15 15:16:34', '测试数据-EjlwMSQHuJ', 0);
INSERT INTO starfall.comment (topicId, user, date, content, weight) VALUES ('202309198512128456adqewe', 'admin', '2022-08-14 12:59:38', '测试数据-R6RoKqDmvy', 0);
INSERT INTO starfall.comment (topicId, user, date, content, weight) VALUES ('202304092314116757ky97', 'test', '2023-08-02 14:31:52', '测试数据-qvrSNzfmBe', 0);
INSERT INTO starfall.comment (topicId, user, date, content, weight) VALUES ('202301251514118494a86gh7', 'admin', '2024-07-08 20:50:59', '测试数据-PsUPP7VNxn', 0);
INSERT INTO starfall.comment (topicId, user, date, content, weight) VALUES ('202309198512128456adqewe', 'qwe111', '2023-04-12 10:30:41', '测试数据-xZHwPP69oa', 0);
INSERT INTO starfall.comment (topicId, user, date, content, weight) VALUES ('202307050154114312hg67yu', 'admin', '2023-05-06 20:30:57', '测试数据-rL2RFpkIL8', 0);
INSERT INTO starfall.comment (topicId, user, date, content, weight) VALUES ('202304092314116757ky97', 'qwe111', '2024-06-06 10:50:02', '测试数据-3pJU97EMSe', 0);
INSERT INTO starfall.comment (topicId, user, date, content, weight) VALUES ('202309161734220648k7g8m3', 'test', '2024-02-26 13:22:33', '测试数据-xxG8d3G9B4', 0);
INSERT INTO starfall.comment (topicId, user, date, content, weight) VALUES ('202307280812568739kj87yu', 'admin', '2023-09-15 03:26:23', '测试数据-hAB3KmSDWo', 0);
INSERT INTO starfall.comment (topicId, user, date, content, weight) VALUES ('202304092314116757ky97', 'qwe111', '2024-12-13 07:43:30', '测试数据-0EW2N8W67z', 0);
INSERT INTO starfall.comment (topicId, user, date, content, weight) VALUES ('202307050154114312hg67yu', 'test', '2023-12-31 21:20:35', '测试数据-bHcuvyGFCO', 0);
INSERT INTO starfall.comment (topicId, user, date, content, weight) VALUES ('202309161734220648k7g8m3', 'test', '2024-04-30 04:11:06', '测试数据-lPOmzfme3f', 0);
INSERT INTO starfall.comment (topicId, user, date, content, weight) VALUES ('202307032232468750kujjh7', 'test', '2024-09-17 13:58:23', '测试数据-Yk1Blvmgnl', 0);
INSERT INTO starfall.comment (topicId, user, date, content, weight) VALUES ('202309198512128456adqewe', 'test', '2022-10-07 15:52:27', '测试数据-RisvpBXyUs', 0);
INSERT INTO starfall.comment (topicId, user, date, content, weight) VALUES ('202307032232468750kujjh7', 'qwe111', '2024-02-26 17:37:48', '测试数据-ryqKrTlPsd', 0);
INSERT INTO starfall.comment (topicId, user, date, content, weight) VALUES ('202309192322127657jghyu6', 'admin', '2024-06-27 15:15:18', '测试数据-Z81Ens63U3', 0);
INSERT INTO starfall.comment (topicId, user, date, content, weight) VALUES ('202309161734220648k7g8m3', 'admin', '2022-12-04 02:37:24', '测试数据-jzNmNOU9ab', 0);
INSERT INTO starfall.comment (topicId, user, date, content, weight) VALUES ('202301251514118494a86gh7', 'test', '2023-11-16 13:08:13', '测试数据-Ol3CzxKbUv', 0);
INSERT INTO starfall.comment (topicId, user, date, content, weight) VALUES ('202309192322127657jghyu6', 'test', '2022-07-11 16:33:38', '测试数据-9CqCeJaUNF', 0);
INSERT INTO starfall.comment (topicId, user, date, content, weight) VALUES ('202306021223128374u765ds', 'qwe111', '2024-10-02 04:28:17', '测试数据-nzoNJXboj6', 0);
INSERT INTO starfall.comment (topicId, user, date, content, weight) VALUES ('202309192322127657jghyu6', 'qwe111', '2024-07-05 16:42:16', '测试数据-JF1tpD1oof', 0);
INSERT INTO starfall.comment (topicId, user, date, content, weight) VALUES ('202309192013549547r6tfgh', 'test', '2022-07-22 03:29:32', '测试数据-poll9KLQh2', 0);
INSERT INTO starfall.comment (topicId, user, date, content, weight) VALUES ('202307050154114312hg67yu', 'test', '2024-02-06 05:00:12', '测试数据-GZ3AM9bl5U', 0);
INSERT INTO starfall.comment (topicId, user, date, content, weight) VALUES ('202309192013549547r6tfgh', 'admin', '2023-11-11 01:39:04', '测试数据-a1dToO0r9I', 0);
INSERT INTO starfall.comment (topicId, user, date, content, weight) VALUES ('202307032232468750kujjh7', 'qwe111', '2024-02-18 12:01:52', '测试数据-hPj8F3BI1v', 0);
INSERT INTO starfall.comment (topicId, user, date, content, weight) VALUES ('202306021223128374u765ds', 'qwe111', '2024-10-19 08:48:02', '测试数据-IIpVYjs5k2', 0);
INSERT INTO starfall.comment (topicId, user, date, content, weight) VALUES ('202307050154114312hg67yu', 'qwe111', '2023-10-15 22:16:33', '测试数据-AeSUI4yVt6', 0);
INSERT INTO starfall.comment (topicId, user, date, content, weight) VALUES ('202302141514118494jki876', 'admin', '2022-12-09 19:26:37', '测试数据-e89v7wE1Lv', 0);
INSERT INTO starfall.comment (topicId, user, date, content, weight) VALUES ('202307032232468750kujjh7', 'qwe111', '2022-03-29 15:46:27', '测试数据-XKhXnUHwUp', 4);
INSERT INTO starfall.comment (topicId, user, date, content, weight) VALUES ('202309161734220648k7g8m3', 'admin', '2024-11-06 08:44:52', '测试数据-fqKnaqFJYU', 0);
INSERT INTO starfall.comment (topicId, user, date, content, weight) VALUES ('202307032232468750kujjh7', 'qwe111', '2022-04-20 23:35:15', '测试数据-pLpSdPI7Ld', 0);
INSERT INTO starfall.comment (topicId, user, date, content, weight) VALUES ('202302141514118494jki876', 'test', '2023-05-31 19:36:16', '测试数据-LyMNyGed5H', 0);
INSERT INTO starfall.comment (topicId, user, date, content, weight) VALUES ('202309192013549547r6tfgh', 'test', '2023-05-01 13:49:14', '测试数据-ZjTZxl3GQu', 0);
INSERT INTO starfall.comment (topicId, user, date, content, weight) VALUES ('202304092314116757ky97', 'qwe111', '2024-01-25 01:28:10', '测试数据-PzGOhLg7cE', 0);
INSERT INTO starfall.comment (topicId, user, date, content, weight) VALUES ('202309192322127657jghyu6', 'qwe111', '2023-09-25 22:25:52', '测试数据-6cbrlgzhen', 0);
INSERT INTO starfall.comment (topicId, user, date, content, weight) VALUES ('202306021223128374u765ds', 'qwe111', '2024-06-06 02:19:41', '测试数据-08LdErkDSQ', 0);
INSERT INTO starfall.comment (topicId, user, date, content, weight) VALUES ('202307280812568739kj87yu', 'qwe111', '2023-06-05 09:41:53', '测试数据-qpXJcXwvpN', 0);
INSERT INTO starfall.comment (topicId, user, date, content, weight) VALUES ('202307032232468750kujjh7', 'qwe111', '2024-01-17 11:53:46', '测试数据-4Vf68zIZ7M', 0);
INSERT INTO starfall.comment (topicId, user, date, content, weight) VALUES ('202307032232468750kujjh7', 'admin', '2023-05-25 06:33:18', '测试数据-T8Bh7BdB7K', 0);
INSERT INTO starfall.comment (topicId, user, date, content, weight) VALUES ('202307280812568739kj87yu', 'qwe111', '2024-12-22 19:30:21', '测试数据-Sz7Z7xSmBZ', 0);
INSERT INTO starfall.comment (topicId, user, date, content, weight) VALUES ('202302141514118494jki876', 'admin', '2023-04-01 07:46:12', '测试数据-xJu9eGfpzu', 0);
INSERT INTO starfall.comment (topicId, user, date, content, weight) VALUES ('202302141514118494jki876', 'admin', '2024-07-12 13:01:45', '测试数据-PDl7zM4aGE', 0);
INSERT INTO starfall.comment (topicId, user, date, content, weight) VALUES ('202304092314116757ky97', 'qwe111', '2024-05-04 08:50:13', '测试数据-Ct7z1esNEi', 0);
INSERT INTO starfall.comment (topicId, user, date, content, weight) VALUES ('202307050154114312hg67yu', 'admin', '2024-03-19 23:57:31', '测试数据-J5T0fd2Pxf', 0);
INSERT INTO starfall.comment (topicId, user, date, content, weight) VALUES ('202307032232468750kujjh7', 'admin', '2022-01-01 05:08:02', '测试数据-Mbp0eGMWNx', 0);
INSERT INTO starfall.comment (topicId, user, date, content, weight) VALUES ('202302141514118494jki876', 'test', '2022-07-23 01:32:51', '测试数据-vajvWX5J18', 0);
INSERT INTO starfall.comment (topicId, user, date, content, weight) VALUES ('202307032232468750kujjh7', 'admin', '2024-11-21 11:04:18', '测试数据-RL8lQ2Gq4t', 0);
INSERT INTO starfall.comment (topicId, user, date, content, weight) VALUES ('202301251514118494a86gh7', 'qwe111', '2023-08-26 03:54:25', '测试数据-5BYwU57vod', 0);
INSERT INTO starfall.comment (topicId, user, date, content, weight) VALUES ('202309198512128456adqewe', 'test', '2022-09-13 18:18:57', '测试数据-TKq7Bgy7I1', 0);
INSERT INTO starfall.comment (topicId, user, date, content, weight) VALUES ('202302141514118494jki876', 'qwe111', '2022-04-15 19:19:44', '测试数据-RUkfFarVrC', 0);
INSERT INTO starfall.comment (topicId, user, date, content, weight) VALUES ('202302141514118494jki876', 'qwe111', '2024-04-05 17:21:58', '测试数据-1fWJb4Nn0o', 0);
INSERT INTO starfall.comment (topicId, user, date, content, weight) VALUES ('202302141514118494jki876', 'qwe111', '2024-06-05 15:05:08', '测试数据-lryKQPtovH', 0);
INSERT INTO starfall.comment (topicId, user, date, content, weight) VALUES ('202309161734220648k7g8m3', 'test', '2022-04-07 10:33:30', '测试数据-OueI5MztY2', 0);
INSERT INTO starfall.comment (topicId, user, date, content, weight) VALUES ('202307050154114312hg67yu', 'qwe111', '2023-02-12 08:40:08', '测试数据-Jp0dXh5h58', 0);
INSERT INTO starfall.comment (topicId, user, date, content, weight) VALUES ('202306021223128374u765ds', 'qwe111', '2024-01-14 14:32:03', '测试数据-JPVs2Uci5G', 0);
INSERT INTO starfall.comment (topicId, user, date, content, weight) VALUES ('202307050154114312hg67yu', 'admin', '2024-06-30 08:08:54', '测试数据-gtJ8FJXTAF', 0);
INSERT INTO starfall.comment (topicId, user, date, content, weight) VALUES ('202309198512128456adqewe', 'admin', '2023-05-25 19:10:52', '测试数据-HZSmp8ATUv', 0);
INSERT INTO starfall.comment (topicId, user, date, content, weight) VALUES ('202306021223128374u765ds', 'qwe111', '2024-12-31 07:09:10', '测试数据-ZhUJlfqIlL', 0);
INSERT INTO starfall.comment (topicId, user, date, content, weight) VALUES ('202309198512128456adqewe', 'test', '2023-11-03 15:33:16', '测试数据-OgrkT8vbSY', 0);
INSERT INTO starfall.comment (topicId, user, date, content, weight) VALUES ('202309192013549547r6tfgh', 'admin', '2023-04-14 12:08:31', '测试数据-W3X2P5kum7', 0);
INSERT INTO starfall.comment (topicId, user, date, content, weight) VALUES ('202309192013549547r6tfgh', 'test', '2023-05-26 10:10:15', '测试数据-sfNT9rFeOu', 0);
INSERT INTO starfall.comment (topicId, user, date, content, weight) VALUES ('202307032232468750kujjh7', 'admin', '2022-06-02 00:20:19', '测试数据-0WVSjZZDto', 0);
INSERT INTO starfall.comment (topicId, user, date, content, weight) VALUES ('202309161734220648k7g8m3', 'qwe111', '2024-01-12 14:51:22', '测试数据-nUjOlIiipL', 0);
INSERT INTO starfall.comment (topicId, user, date, content, weight) VALUES ('202309161734220648k7g8m3', 'admin', '2024-05-07 20:04:10', '测试数据-NdRLhHkXdT', 0);
INSERT INTO starfall.comment (topicId, user, date, content, weight) VALUES ('202307032232468750kujjh7', 'test', '2022-08-26 08:52:10', '测试数据-61hU3jJocN', 0);
INSERT INTO starfall.comment (topicId, user, date, content, weight) VALUES ('202309161734220648k7g8m3', 'test', '2022-01-03 04:34:40', '测试数据-0V44tQBRRN', 0);
INSERT INTO starfall.comment (topicId, user, date, content, weight) VALUES ('202301251514118494a86gh7', 'test', '2023-08-27 06:52:45', '测试数据-6gIdR8UNyQ', 0);
INSERT INTO starfall.comment (topicId, user, date, content, weight) VALUES ('202306021223128374u765ds', 'test', '2024-09-12 05:42:13', '测试数据-dWmB0wv8U2', 0);
INSERT INTO starfall.comment (topicId, user, date, content, weight) VALUES ('202302141514118494jki876', 'qwe111', '2022-06-14 07:17:01', '测试数据-y11qmQ8CmK', 0);
INSERT INTO starfall.comment (topicId, user, date, content, weight) VALUES ('202306021223128374u765ds', 'admin', '2022-09-17 16:30:56', '测试数据-yxYNu6S5v6', 0);
INSERT INTO starfall.comment (topicId, user, date, content, weight) VALUES ('202307280812568739kj87yu', 'test', '2022-02-20 08:02:38', '测试数据-K2U84NzR3A', 0);
INSERT INTO starfall.comment (topicId, user, date, content, weight) VALUES ('202304092314116757ky97', 'test', '2023-07-08 18:02:06', '测试数据-VFVnNKsnoc', 0);
INSERT INTO starfall.comment (topicId, user, date, content, weight) VALUES ('202309198512128456adqewe', 'qwe111', '2024-04-13 14:15:42', '测试数据-UuQjtku7FQ', 0);
INSERT INTO starfall.comment (topicId, user, date, content, weight) VALUES ('202309198512128456adqewe', 'qwe111', '2022-03-26 11:57:57', '测试数据-TRlrrkO1Rh', 0);
INSERT INTO starfall.comment (topicId, user, date, content, weight) VALUES ('202307050154114312hg67yu', 'test', '2023-07-13 20:57:02', '测试数据-LdqEbOQQDc', 0);
INSERT INTO starfall.comment (topicId, user, date, content, weight) VALUES ('202309161734220648k7g8m3', 'qwe111', '2022-09-15 02:54:00', '测试数据-oviqTaKOPg', 0);
INSERT INTO starfall.comment (topicId, user, date, content, weight) VALUES ('202309192013549547r6tfgh', 'admin', '2023-05-21 10:26:17', '测试数据-qpaAPnP8Ko', 0);
INSERT INTO starfall.comment (topicId, user, date, content, weight) VALUES ('202306021223128374u765ds', 'admin', '2024-09-02 21:04:23', '测试数据-BNxc2slJ1g', 0);
INSERT INTO starfall.comment (topicId, user, date, content, weight) VALUES ('202309198512128456adqewe', 'qwe111', '2023-01-09 16:19:10', '测试数据-dMUD0m58qn', 0);
INSERT INTO starfall.comment (topicId, user, date, content, weight) VALUES ('202309198512128456adqewe', 'test', '2024-11-20 18:32:27', '测试数据-qODbQ6i7JE', 0);
INSERT INTO starfall.comment (topicId, user, date, content, weight) VALUES ('202307280812568739kj87yu', 'admin', '2022-08-27 15:33:50', '测试数据-uktTZRXqnd', 0);
INSERT INTO starfall.comment (topicId, user, date, content, weight) VALUES ('202309198512128456adqewe', 'admin', '2024-07-13 00:50:48', '测试数据-N1jz68GjaP', 0);
INSERT INTO starfall.comment (topicId, user, date, content, weight) VALUES ('202309198512128456adqewe', 'test', '2023-09-19 18:52:22', '测试数据-4ENxXefhTi', 0);
INSERT INTO starfall.comment (topicId, user, date, content, weight) VALUES ('202307280812568739kj87yu', 'qwe111', '2023-07-30 03:01:31', '测试数据-L05CjpRuct', 0);
INSERT INTO starfall.comment (topicId, user, date, content, weight) VALUES ('202309192013549547r6tfgh', 'admin', '2022-07-19 03:30:06', '测试数据-eVVGDb0vZt', 0);
INSERT INTO starfall.comment (topicId, user, date, content, weight) VALUES ('202309192013549547r6tfgh', 'admin', '2022-08-10 18:20:21', '测试数据-TH5cqFwZVR', 0);
INSERT INTO starfall.comment (topicId, user, date, content, weight) VALUES ('202307050154114312hg67yu', 'admin', '2022-05-05 04:01:59', '测试数据-urdmQRCeVb', 0);
INSERT INTO starfall.comment (topicId, user, date, content, weight) VALUES ('202304092314116757ky97', 'test', '2023-09-23 00:38:39', '测试数据-xtrkFW3ONk', 0);
INSERT INTO starfall.comment (topicId, user, date, content, weight) VALUES ('202304092314116757ky97', 'test', '2023-08-09 01:52:05', '测试数据-WQ3mtyUd6b', 0);
INSERT INTO starfall.comment (topicId, user, date, content, weight) VALUES ('202304092314116757ky97', 'qwe111', '2022-12-23 03:56:06', '测试数据-nVdecysvc4', 0);
INSERT INTO starfall.comment (topicId, user, date, content, weight) VALUES ('202307050154114312hg67yu', 'qwe111', '2024-08-03 07:01:23', '测试数据-vwAfg1i6TB', 0);
INSERT INTO starfall.comment (topicId, user, date, content, weight) VALUES ('202309192322127657jghyu6', 'admin', '2022-04-13 17:35:50', '测试数据-z38sTHivjg', 0);
INSERT INTO starfall.comment (topicId, user, date, content, weight) VALUES ('202307280812568739kj87yu', 'test', '2022-09-06 12:59:52', '测试数据-CsBQkaQrd3', 0);
INSERT INTO starfall.comment (topicId, user, date, content, weight) VALUES ('202309198512128456adqewe', 'test', '2023-11-15 02:24:03', '测试数据-Q6XtLc6j9s', 0);
INSERT INTO starfall.comment (topicId, user, date, content, weight) VALUES ('202309161734220648k7g8m3', 'qwe111', '2023-05-22 22:37:02', '测试数据-9TlBLmawOq', 0);
INSERT INTO starfall.comment (topicId, user, date, content, weight) VALUES ('202307280812568739kj87yu', 'qwe111', '2022-02-25 06:27:44', '测试数据-JHVY7GOFkd', 0);
INSERT INTO starfall.comment (topicId, user, date, content, weight) VALUES ('202309192013549547r6tfgh', 'qwe111', '2022-10-02 06:33:46', '测试数据-fTmpXqA2sY', 0);
INSERT INTO starfall.comment (topicId, user, date, content, weight) VALUES ('202304092314116757ky97', 'test', '2024-04-13 07:31:55', '测试数据-C5vOHSWRsG', 0);
INSERT INTO starfall.comment (topicId, user, date, content, weight) VALUES ('202309198512128456adqewe', 'qwe111', '2022-02-17 04:29:48', '测试数据-PU04XM8Lto', 0);
INSERT INTO starfall.comment (topicId, user, date, content, weight) VALUES ('202306021223128374u765ds', 'qwe111', '2024-09-15 02:06:59', '测试数据-Ujxiz4XOn8', 0);
INSERT INTO starfall.comment (topicId, user, date, content, weight) VALUES ('202307032232468750kujjh7', 'admin', '2023-05-10 01:54:51', '测试数据-VYZ6SyBdN7', 0);
INSERT INTO starfall.comment (topicId, user, date, content, weight) VALUES ('202309161734220648k7g8m3', 'test', '2022-01-10 02:25:18', '测试数据-WU3hbs1Dcf', 0);
INSERT INTO starfall.comment (topicId, user, date, content, weight) VALUES ('202302141514118494jki876', 'qwe111', '2024-05-17 13:50:20', '测试数据-i7ahwWMnPv', 0);
INSERT INTO starfall.comment (topicId, user, date, content, weight) VALUES ('202302141514118494jki876', 'admin', '2022-02-09 21:00:11', '测试数据-t5kPK8gAeh', 0);
INSERT INTO starfall.comment (topicId, user, date, content, weight) VALUES ('202309198512128456adqewe', 'qwe111', '2024-06-10 19:51:01', '测试数据-qiUx1kqcaK', 0);
INSERT INTO starfall.comment (topicId, user, date, content, weight) VALUES ('202309198512128456adqewe', 'qwe111', '2022-04-23 05:34:09', '测试数据-2WnHTfXpKw', 0);
INSERT INTO starfall.comment (topicId, user, date, content, weight) VALUES ('202309198512128456adqewe', 'admin', '2024-01-26 13:28:19', '测试数据-WpKGwu3fNb', 0);
INSERT INTO starfall.comment (topicId, user, date, content, weight) VALUES ('202309198512128456adqewe', 'test', '2024-09-20 22:46:19', '测试数据-jOrqV3oXEN', 0);
INSERT INTO starfall.comment (topicId, user, date, content, weight) VALUES ('202309192322127657jghyu6', 'admin', '2023-05-19 15:14:35', '测试数据-WIdIODjdon', 0);
INSERT INTO starfall.comment (topicId, user, date, content, weight) VALUES ('202309198512128456adqewe', 'admin', '2022-02-15 07:13:11', '测试数据-IwviSvtlaO', 0);
INSERT INTO starfall.comment (topicId, user, date, content, weight) VALUES ('202301251514118494a86gh7', 'admin', '2022-08-07 20:35:28', '测试数据-IiGrZLOwoW', 0);
INSERT INTO starfall.comment (topicId, user, date, content, weight) VALUES ('202301251514118494a86gh7', 'qwe111', '2023-04-22 02:33:52', '测试数据-Tkt404szVM', 0);
INSERT INTO starfall.comment (topicId, user, date, content, weight) VALUES ('202307032232468750kujjh7', 'qwe111', '2023-04-07 11:37:15', '测试数据-6DEqEssHd8', 0);
INSERT INTO starfall.comment (topicId, user, date, content, weight) VALUES ('202309198512128456adqewe', 'qwe111', '2022-05-14 22:32:04', '测试数据-14i210t2zh', 0);
INSERT INTO starfall.comment (topicId, user, date, content, weight) VALUES ('202304092314116757ky97', 'admin', '2022-05-11 21:44:45', '测试数据-PGVaVTAxk4', 0);
INSERT INTO starfall.comment (topicId, user, date, content, weight) VALUES ('202309161734220648k7g8m3', 'test', '2023-01-26 21:21:06', '测试数据-DfSA8Mn1S5', 0);
INSERT INTO starfall.comment (topicId, user, date, content, weight) VALUES ('202309198512128456adqewe', 'qwe111', '2023-08-25 18:29:54', '测试数据-q2bUJpqPjk', 0);
INSERT INTO starfall.comment (topicId, user, date, content, weight) VALUES ('202307280812568739kj87yu', 'qwe111', '2022-02-28 08:21:22', '测试数据-ah1j6TXayX', 0);
INSERT INTO starfall.comment (topicId, user, date, content, weight) VALUES ('202304092314116757ky97', 'qwe111', '2022-08-04 18:28:40', '测试数据-7A1pYo0PNu', 0);
INSERT INTO starfall.comment (topicId, user, date, content, weight) VALUES ('202307280812568739kj87yu', 'qwe111', '2023-05-29 02:57:41', '测试数据-debtl3Q4sp', 0);
INSERT INTO starfall.comment (topicId, user, date, content, weight) VALUES ('202307280812568739kj87yu', 'test', '2023-12-09 09:55:58', '测试数据-PfxNjYJDiT', 0);
INSERT INTO starfall.comment (topicId, user, date, content, weight) VALUES ('202309198512128456adqewe', 'qwe111', '2022-10-15 08:32:16', '测试数据-uihnNxEPH2', 0);
INSERT INTO starfall.comment (topicId, user, date, content, weight) VALUES ('202309161734220648k7g8m3', 'qwe111', '2023-06-08 18:40:45', '测试数据-IPNvLFtFkC', 0);
INSERT INTO starfall.comment (topicId, user, date, content, weight) VALUES ('202301251514118494a86gh7', 'admin', '2022-08-26 05:35:44', '测试数据-7qsu7sB2H7', 0);
INSERT INTO starfall.comment (topicId, user, date, content, weight) VALUES ('202307050154114312hg67yu', 'qwe111', '2022-06-06 22:28:13', '测试数据-vsC2Qu3r5S', 0);
INSERT INTO starfall.comment (topicId, user, date, content, weight) VALUES ('202301251514118494a86gh7', 'admin', '2023-07-15 16:59:12', '测试数据-sZOswHa5MX', 0);
INSERT INTO starfall.comment (topicId, user, date, content, weight) VALUES ('202306021223128374u765ds', 'qwe111', '2024-01-08 21:26:25', '测试数据-P9XObyEP4F', 0);
INSERT INTO starfall.comment (topicId, user, date, content, weight) VALUES ('202307280812568739kj87yu', 'qwe111', '2024-07-13 04:49:25', '测试数据-LssOdoeUqM', 0);
INSERT INTO starfall.comment (topicId, user, date, content, weight) VALUES ('202309192322127657jghyu6', 'admin', '2023-01-08 12:20:39', '测试数据-uXYjxaG939', 0);
INSERT INTO starfall.comment (topicId, user, date, content, weight) VALUES ('202309192322127657jghyu6', 'qwe111', '2023-12-07 13:45:31', '测试数据-rspQuihijn', 0);
INSERT INTO starfall.comment (topicId, user, date, content, weight) VALUES ('202309161734220648k7g8m3', 'admin', '2022-05-30 05:49:11', '测试数据-jvyTjcLrXw', 0);
INSERT INTO starfall.comment (topicId, user, date, content, weight) VALUES ('202302141514118494jki876', 'test', '2022-08-16 04:15:09', '测试数据-ryx4dCDYS8', 0);
INSERT INTO starfall.comment (topicId, user, date, content, weight) VALUES ('202309192322127657jghyu6', 'admin', '2023-01-19 07:27:05', '测试数据-DIWGIAlTug', 0);
INSERT INTO starfall.comment (topicId, user, date, content, weight) VALUES ('202304092314116757ky97', 'test', '2024-02-17 05:43:33', '测试数据-0NwuX2vWqs', 0);
INSERT INTO starfall.comment (topicId, user, date, content, weight) VALUES ('202309161734220648k7g8m3', 'test', '2022-12-03 10:41:02', '测试数据-h2HZjmJN5G', 0);
INSERT INTO starfall.comment (topicId, user, date, content, weight) VALUES ('202309161734220648k7g8m3', 'qwe111', '2023-10-08 15:13:12', '测试数据-lG0EQnqCkV', 0);
INSERT INTO starfall.comment (topicId, user, date, content, weight) VALUES ('202309192322127657jghyu6', 'qwe111', '2023-09-11 11:21:15', '测试数据-JQ8MO44Fi5', 0);
INSERT INTO starfall.comment (topicId, user, date, content, weight) VALUES ('202307280812568739kj87yu', 'test', '2024-08-23 17:32:21', '测试数据-2jdXXw1FJg', 0);
INSERT INTO starfall.comment (topicId, user, date, content, weight) VALUES ('202302141514118494jki876', 'qwe111', '2024-02-25 07:26:08', '测试数据-YEtN6j7S0Z', 0);
INSERT INTO starfall.comment (topicId, user, date, content, weight) VALUES ('202307032232468750kujjh7', 'test', '2022-06-28 14:05:10', '测试数据-dNz59LzlYe', 0);
INSERT INTO starfall.comment (topicId, user, date, content, weight) VALUES ('202309161734220648k7g8m3', 'test', '2023-07-11 00:12:07', '测试数据-9XW0PrsQC4', 0);
INSERT INTO starfall.comment (topicId, user, date, content, weight) VALUES ('202309192013549547r6tfgh', 'admin', '2024-07-14 04:08:08', '测试数据-MLoxI3jTkS', 0);
INSERT INTO starfall.comment (topicId, user, date, content, weight) VALUES ('202309192322127657jghyu6', 'qwe111', '2023-04-09 18:51:25', '测试数据-LuyWabWTsO', 0);
INSERT INTO starfall.comment (topicId, user, date, content, weight) VALUES ('202309198512128456adqewe', 'qwe111', '2023-08-07 07:11:55', '测试数据-raGeKHqdCK', 0);
INSERT INTO starfall.comment (topicId, user, date, content, weight) VALUES ('202307032232468750kujjh7', 'admin', '2023-10-24 11:21:13', '测试数据-KapbN0GlBo', 0);
INSERT INTO starfall.comment (topicId, user, date, content, weight) VALUES ('202309198512128456adqewe', 'test', '2022-11-24 14:13:19', '测试数据-2uJihbWH0v', 0);
INSERT INTO starfall.comment (topicId, user, date, content, weight) VALUES ('202309192013549547r6tfgh', 'test', '2024-01-08 22:04:34', '测试数据-fWH5X7768C', 0);
INSERT INTO starfall.comment (topicId, user, date, content, weight) VALUES ('202307050154114312hg67yu', 'admin', '2024-07-13 08:53:18', '测试数据-7604LKiwGv', 0);
INSERT INTO starfall.comment (topicId, user, date, content, weight) VALUES ('202309161734220648k7g8m3', 'admin', '2023-10-31 13:32:31', '测试数据-iXVfXWWTKc', 0);
INSERT INTO starfall.comment (topicId, user, date, content, weight) VALUES ('202309192013549547r6tfgh', 'test', '2024-10-21 07:42:19', '测试数据-oYhHOHLf8r', 0);
INSERT INTO starfall.comment (topicId, user, date, content, weight) VALUES ('202307050154114312hg67yu', 'qwe111', '2024-03-07 18:06:05', '测试数据-enHu5SOyXv', 0);
INSERT INTO starfall.comment (topicId, user, date, content, weight) VALUES ('202304092314116757ky97', 'qwe111', '2024-06-21 01:14:57', '测试数据-irSoR5TVCO', 0);
INSERT INTO starfall.comment (topicId, user, date, content, weight) VALUES ('202302141514118494jki876', 'qwe111', '2024-07-07 22:55:20', '测试数据-9GI5SaIpX3', 0);
INSERT INTO starfall.comment (topicId, user, date, content, weight) VALUES ('202302141514118494jki876', 'qwe111', '2023-11-10 09:25:17', '测试数据-3zH6mFVRla', 0);
INSERT INTO starfall.comment (topicId, user, date, content, weight) VALUES ('202301251514118494a86gh7', 'admin', '2022-09-07 18:04:25', '测试数据-CTsuDe7W6D', 0);
INSERT INTO starfall.comment (topicId, user, date, content, weight) VALUES ('202309192013549547r6tfgh', 'qwe111', '2023-11-06 01:15:27', '测试数据-fEghH7SO1N', 0);
INSERT INTO starfall.comment (topicId, user, date, content, weight) VALUES ('202309192013549547r6tfgh', 'qwe111', '2022-11-26 21:04:10', '测试数据-19ndq2BrMH', 0);
INSERT INTO starfall.comment (topicId, user, date, content, weight) VALUES ('202301251514118494a86gh7', 'qwe111', '2023-05-16 21:35:07', '测试数据-fgdnqs2kTX', 0);
INSERT INTO starfall.comment (topicId, user, date, content, weight) VALUES ('202306021223128374u765ds', 'qwe111', '2023-06-04 03:04:32', '测试数据-BFd6VoHi7K', 0);
INSERT INTO starfall.comment (topicId, user, date, content, weight) VALUES ('202304092314116757ky97', 'admin', '2023-01-26 11:16:18', '测试数据-azsCYgxXfR', 0);
INSERT INTO starfall.comment (topicId, user, date, content, weight) VALUES ('202309192013549547r6tfgh', 'qwe111', '2023-12-23 08:42:31', '测试数据-Fgysx43G10', 0);
INSERT INTO starfall.comment (topicId, user, date, content, weight) VALUES ('202309161734220648k7g8m3', 'qwe111', '2022-12-13 10:36:55', '测试数据-63dFET47cE', 0);
INSERT INTO starfall.comment (topicId, user, date, content, weight) VALUES ('202309192013549547r6tfgh', 'test', '2022-12-23 09:09:10', '测试数据-ul8s4qB5RZ', 0);
INSERT INTO starfall.comment (topicId, user, date, content, weight) VALUES ('202302141514118494jki876', 'qwe111', '2023-01-22 15:17:20', '测试数据-TOmXCxNoOb', 0);
INSERT INTO starfall.comment (topicId, user, date, content, weight) VALUES ('202309192322127657jghyu6', 'admin', '2023-03-29 04:24:59', '测试数据-BIOL0Eg5Hq', 0);
INSERT INTO starfall.comment (topicId, user, date, content, weight) VALUES ('202307032232468750kujjh7', 'qwe111', '2023-07-21 10:50:28', '测试数据-Jsx5d6AWiu', 0);
INSERT INTO starfall.comment (topicId, user, date, content, weight) VALUES ('202302141514118494jki876', 'test', '2024-02-04 07:04:45', '测试数据-It5iMM0MEH', 0);
INSERT INTO starfall.comment (topicId, user, date, content, weight) VALUES ('202309161734220648k7g8m3', 'admin', '2024-08-15 05:47:08', '测试数据-ly4wIBH7Lo', 0);
INSERT INTO starfall.comment (topicId, user, date, content, weight) VALUES ('202306021223128374u765ds', 'qwe111', '2024-03-23 22:03:13', '测试数据-HHVBnEIKtQ', 0);
INSERT INTO starfall.comment (topicId, user, date, content, weight) VALUES ('202307032232468750kujjh7', 'admin', '2023-08-15 12:25:57', '测试数据-x8toheXB4x', 0);
INSERT INTO starfall.comment (topicId, user, date, content, weight) VALUES ('202309192013549547r6tfgh', 'test', '2022-10-14 22:54:41', '测试数据-7tdCZhYhbU', 0);
INSERT INTO starfall.comment (topicId, user, date, content, weight) VALUES ('202309192322127657jghyu6', 'test', '2022-03-29 11:34:37', '测试数据-I659k4d88d', 0);
INSERT INTO starfall.comment (topicId, user, date, content, weight) VALUES ('202307032232468750kujjh7', 'admin', '2022-03-10 10:20:45', '测试数据-featCyY2s6', 2);
INSERT INTO starfall.comment (topicId, user, date, content, weight) VALUES ('202304092314116757ky97', 'admin', '2023-08-27 13:33:04', '测试数据-JsjEBfRK7c', 0);
INSERT INTO starfall.comment (topicId, user, date, content, weight) VALUES ('202307050154114312hg67yu', 'qwe111', '2023-01-12 18:35:02', '测试数据-KgWxKHEaUk', 0);
INSERT INTO starfall.comment (topicId, user, date, content, weight) VALUES ('202304092314116757ky97', 'admin', '2024-10-09 14:46:54', '测试数据-AuZbXkm192', 0);
INSERT INTO starfall.comment (topicId, user, date, content, weight) VALUES ('202307280812568739kj87yu', 'test', '2024-04-07 08:11:48', '测试数据-0al7Damlcq', 0);
INSERT INTO starfall.comment (topicId, user, date, content, weight) VALUES ('202301251514118494a86gh7', 'test', '2023-06-03 03:25:30', '测试数据-ZyER2XcEfS', 0);
INSERT INTO starfall.comment (topicId, user, date, content, weight) VALUES ('202307050154114312hg67yu', 'admin', '2023-09-14 14:58:23', '测试数据-Pz48CiUxDC', 0);
INSERT INTO starfall.comment (topicId, user, date, content, weight) VALUES ('202309192013549547r6tfgh', 'test', '2023-11-18 12:41:42', '测试数据-LqGRXDIF3q', 0);
INSERT INTO starfall.comment (topicId, user, date, content, weight) VALUES ('202301251514118494a86gh7', 'admin', '2023-08-05 01:30:06', '测试数据-3w9kIg3rdn', 0);
INSERT INTO starfall.comment (topicId, user, date, content, weight) VALUES ('202306021223128374u765ds', 'qwe111', '2022-08-31 07:43:55', '测试数据-I8kxvMRMzU', 0);
INSERT INTO starfall.comment (topicId, user, date, content, weight) VALUES ('202309161734220648k7g8m3', 'qwe111', '2023-10-12 01:03:07', '测试数据-dauwryroi3', 0);
INSERT INTO starfall.comment (topicId, user, date, content, weight) VALUES ('202309192322127657jghyu6', 'test', '2023-10-22 02:02:42', '测试数据-JGHgjEXKKy', 0);
INSERT INTO starfall.comment (topicId, user, date, content, weight) VALUES ('202302141514118494jki876', 'admin', '2024-02-07 17:26:08', '测试数据-uTHuFgpMyI', 0);
INSERT INTO starfall.comment (topicId, user, date, content, weight) VALUES ('202309192322127657jghyu6', 'admin', '2023-09-29 14:21:41', '测试数据-Gng2DHE49j', 0);
INSERT INTO starfall.comment (topicId, user, date, content, weight) VALUES ('202307280812568739kj87yu', 'test', '2022-11-23 03:56:16', '测试数据-VRKXDhK9MZ', 0);
INSERT INTO starfall.comment (topicId, user, date, content, weight) VALUES ('202307032232468750kujjh7', 'test', '2023-03-27 18:47:30', '测试数据-A1YMQYr8vd', 0);
INSERT INTO starfall.comment (topicId, user, date, content, weight) VALUES ('202309198512128456adqewe', 'admin', '2022-04-23 20:21:24', '测试数据-Br0Z7EGnti', 0);
INSERT INTO starfall.comment (topicId, user, date, content, weight) VALUES ('202307032232468750kujjh7', 'test', '2022-02-07 22:18:51', '测试数据-poRhMkttmW', 0);
INSERT INTO starfall.comment (topicId, user, date, content, weight) VALUES ('202307032232468750kujjh7', 'admin', '2024-12-19 07:49:52', '测试数据-7rtGnD8PJ6', 0);
INSERT INTO starfall.comment (topicId, user, date, content, weight) VALUES ('202307050154114312hg67yu', 'qwe111', '2023-07-30 20:20:04', '测试数据-R2rSba19cl', 0);
INSERT INTO starfall.comment (topicId, user, date, content, weight) VALUES ('202306021223128374u765ds', 'admin', '2023-12-04 19:40:07', '测试数据-bKTIfrLAeC', 0);
INSERT INTO starfall.comment (topicId, user, date, content, weight) VALUES ('202309192322127657jghyu6', 'admin', '2023-12-09 11:11:28', '测试数据-kjbcUSFkJF', 0);
INSERT INTO starfall.comment (topicId, user, date, content, weight) VALUES ('202309192322127657jghyu6', 'test', '2023-12-20 13:01:40', '测试数据-sdrbbnWmW8', 0);
INSERT INTO starfall.comment (topicId, user, date, content, weight) VALUES ('202302141514118494jki876', 'test', '2022-12-08 04:39:37', '测试数据-tjZiuMZbt6', 0);
INSERT INTO starfall.comment (topicId, user, date, content, weight) VALUES ('202309192013549547r6tfgh', 'admin', '2023-01-07 08:10:04', '测试数据-MSUFCSidu2', 0);
INSERT INTO starfall.comment (topicId, user, date, content, weight) VALUES ('202309192322127657jghyu6', 'admin', '2024-08-08 17:24:14', '测试数据-9JZaJlPi8N', 0);
INSERT INTO starfall.comment (topicId, user, date, content, weight) VALUES ('202304092314116757ky97', 'qwe111', '2024-12-08 19:22:08', '测试数据-4tCQEFoq7b', 0);
INSERT INTO starfall.comment (topicId, user, date, content, weight) VALUES ('202307280812568739kj87yu', 'admin', '2024-06-13 18:39:46', '测试数据-0h4voBz0hj', 0);
INSERT INTO starfall.comment (topicId, user, date, content, weight) VALUES ('202306021223128374u765ds', 'test', '2023-05-06 15:34:45', '测试数据-w4Cj7qVhqS', 0);
INSERT INTO starfall.comment (topicId, user, date, content, weight) VALUES ('202302141514118494jki876', 'admin', '2024-09-02 21:55:25', '测试数据-nHcw5QAuns', 0);
INSERT INTO starfall.comment (topicId, user, date, content, weight) VALUES ('202307280812568739kj87yu', 'test', '2023-12-12 21:41:24', '测试数据-zbpTNpIbOE', 0);
INSERT INTO starfall.comment (topicId, user, date, content, weight) VALUES ('202307280812568739kj87yu', 'admin', '2023-06-21 15:32:55', '测试数据-KzIE2OMz8D', 0);
INSERT INTO starfall.comment (topicId, user, date, content, weight) VALUES ('202307050154114312hg67yu', 'qwe111', '2023-07-29 22:11:44', '测试数据-9l5Il4sWnS', 0);
INSERT INTO starfall.comment (topicId, user, date, content, weight) VALUES ('202309192013549547r6tfgh', 'qwe111', '2024-06-30 19:05:32', '测试数据-XgndoDu5DV', 0);
INSERT INTO starfall.comment (topicId, user, date, content, weight) VALUES ('202307280812568739kj87yu', 'test', '2024-01-21 18:00:34', '测试数据-vQlGIlvmzO', 0);
INSERT INTO starfall.comment (topicId, user, date, content, weight) VALUES ('202301251514118494a86gh7', 'admin', '2022-03-05 14:56:18', '测试数据-74HETF8s2d', 0);
INSERT INTO starfall.comment (topicId, user, date, content, weight) VALUES ('202309192013549547r6tfgh', 'admin', '2023-06-03 11:41:56', '测试数据-6yqO7FJlUr', 0);
INSERT INTO starfall.comment (topicId, user, date, content, weight) VALUES ('202307032232468750kujjh7', 'admin', '2024-04-11 22:40:31', '测试数据-neB4hP2NTX', 0);
INSERT INTO starfall.comment (topicId, user, date, content, weight) VALUES ('202307050154114312hg67yu', 'qwe111', '2024-04-04 10:23:31', '测试数据-irO9ScSdpg', 0);
INSERT INTO starfall.comment (topicId, user, date, content, weight) VALUES ('202307280812568739kj87yu', 'admin', '2022-11-30 18:56:35', '测试数据-WQtiBNi1yI', 0);
INSERT INTO starfall.comment (topicId, user, date, content, weight) VALUES ('202309198512128456adqewe', 'test', '2023-01-26 10:26:06', '测试数据-0PyrOUIJck', 0);
INSERT INTO starfall.comment (topicId, user, date, content, weight) VALUES ('202307050154114312hg67yu', 'test', '2022-07-03 10:03:25', '测试数据-Pz2xdnzGHB', 0);
INSERT INTO starfall.comment (topicId, user, date, content, weight) VALUES ('202307032232468750kujjh7', 'admin', '2022-01-10 23:36:17', '测试数据-2ue8Hb367y', 0);
INSERT INTO starfall.comment (topicId, user, date, content, weight) VALUES ('202309192013549547r6tfgh', 'admin', '2023-06-27 03:12:32', '测试数据-FnzhiijxF3', 0);
INSERT INTO starfall.comment (topicId, user, date, content, weight) VALUES ('202304092314116757ky97', 'test', '2022-12-05 02:37:07', '测试数据-Xp0tEC7kuy', 0);
INSERT INTO starfall.comment (topicId, user, date, content, weight) VALUES ('202304092314116757ky97', 'qwe111', '2022-06-16 20:08:17', '测试数据-Z0Y3sDwRUG', 0);
INSERT INTO starfall.comment (topicId, user, date, content, weight) VALUES ('202309192322127657jghyu6', 'admin', '2024-05-18 13:52:08', '测试数据-k9yOiXglSF', 0);
INSERT INTO starfall.comment (topicId, user, date, content, weight) VALUES ('202301251514118494a86gh7', 'test', '2024-01-04 09:34:57', '测试数据-M7BTRWUVld', 0);
INSERT INTO starfall.comment (topicId, user, date, content, weight) VALUES ('202307032232468750kujjh7', 'qwe111', '2022-05-11 07:06:20', '测试数据-6CvssfbHR6', 0);
INSERT INTO starfall.comment (topicId, user, date, content, weight) VALUES ('202301251514118494a86gh7', 'qwe111', '2022-04-08 13:12:16', '测试数据-T2sGNTTKhP', 0);
INSERT INTO starfall.comment (topicId, user, date, content, weight) VALUES ('202304092314116757ky97', 'qwe111', '2024-11-16 20:45:36', '测试数据-pekDjD3a2b', 0);
INSERT INTO starfall.comment (topicId, user, date, content, weight) VALUES ('202307032232468750kujjh7', 'test', '2022-01-22 07:34:33', '测试数据-5Lvag28TcG', 0);
INSERT INTO starfall.comment (topicId, user, date, content, weight) VALUES ('202306021223128374u765ds', 'test', '2022-07-21 23:42:36', '测试数据-qm88tYGqf0', 0);
INSERT INTO starfall.comment (topicId, user, date, content, weight) VALUES ('202309198512128456adqewe', 'admin', '2023-07-17 02:04:08', '测试数据-JR8ndC3qGQ', 0);
INSERT INTO starfall.comment (topicId, user, date, content, weight) VALUES ('202307280812568739kj87yu', 'qwe111', '2023-06-15 00:57:24', '测试数据-sA35v21rB6', 0);
INSERT INTO starfall.comment (topicId, user, date, content, weight) VALUES ('202309192013549547r6tfgh', 'qwe111', '2024-09-06 04:09:21', '测试数据-1DsZSU9Kvi', 0);
INSERT INTO starfall.comment (topicId, user, date, content, weight) VALUES ('202301251514118494a86gh7', 'test', '2024-05-03 13:36:28', '测试数据-tYEVNBKnyc', 0);
INSERT INTO starfall.comment (topicId, user, date, content, weight) VALUES ('202304092314116757ky97', 'admin', '2024-10-25 16:05:08', '测试数据-CT1910LgN4', 0);
INSERT INTO starfall.comment (topicId, user, date, content, weight) VALUES ('202307280812568739kj87yu', 'test', '2022-10-30 08:19:26', '测试数据-7Aq6ke3jhr', 0);
INSERT INTO starfall.comment (topicId, user, date, content, weight) VALUES ('202307280812568739kj87yu', 'qwe111', '2023-07-21 16:41:05', '测试数据-nPRXUYYzU9', 0);
INSERT INTO starfall.comment (topicId, user, date, content, weight) VALUES ('202307280812568739kj87yu', 'qwe111', '2024-04-20 08:33:09', '测试数据-YCu5VxQqkU', 0);
INSERT INTO starfall.comment (topicId, user, date, content, weight) VALUES ('202302141514118494jki876', 'admin', '2023-08-15 08:02:55', '测试数据-jvbWMlTguf', 0);
INSERT INTO starfall.comment (topicId, user, date, content, weight) VALUES ('202307280812568739kj87yu', 'qwe111', '2022-01-12 16:32:02', '测试数据-pUr1rW8w0u', 0);
INSERT INTO starfall.comment (topicId, user, date, content, weight) VALUES ('202304092314116757ky97', 'test', '2023-09-15 02:01:53', '测试数据-e08K5PZL1g', 0);
INSERT INTO starfall.comment (topicId, user, date, content, weight) VALUES ('202307032232468750kujjh7', 'test', '2024-11-08 11:59:13', '测试数据-DWqMZGYRKI', 0);
INSERT INTO starfall.comment (topicId, user, date, content, weight) VALUES ('202301251514118494a86gh7', 'test', '2023-02-16 11:18:33', '测试数据-rEhG2j06aZ', 0);
INSERT INTO starfall.comment (topicId, user, date, content, weight) VALUES ('202309161734220648k7g8m3', 'admin', '2022-06-04 08:38:09', '测试数据-k0B9I6K4VM', 0);
INSERT INTO starfall.comment (topicId, user, date, content, weight) VALUES ('202302141514118494jki876', 'qwe111', '2024-11-24 14:03:00', '测试数据-IjgplTgyZ7', 0);
INSERT INTO starfall.comment (topicId, user, date, content, weight) VALUES ('202301251514118494a86gh7', 'test', '2023-09-25 18:48:19', '测试数据-mvuu2BmiIJ', 0);
INSERT INTO starfall.comment (topicId, user, date, content, weight) VALUES ('202309192013549547r6tfgh', 'test', '2024-02-19 10:04:11', '测试数据-2sphfszzB7', 0);
INSERT INTO starfall.comment (topicId, user, date, content, weight) VALUES ('202307032232468750kujjh7', 'qwe111', '2022-12-13 01:57:59', '测试数据-ePR5OJ4FzK', 0);
INSERT INTO starfall.comment (topicId, user, date, content, weight) VALUES ('202304092314116757ky97', 'qwe111', '2024-01-14 22:56:50', '测试数据-163tJhLSXp', 0);
INSERT INTO starfall.comment (topicId, user, date, content, weight) VALUES ('202306021223128374u765ds', 'test', '2024-01-13 22:58:50', '测试数据-vLLF6moyRC', 0);
INSERT INTO starfall.comment (topicId, user, date, content, weight) VALUES ('202307050154114312hg67yu', 'admin', '2023-09-02 07:09:51', '测试数据-nW75bjNY1n', 0);
INSERT INTO starfall.comment (topicId, user, date, content, weight) VALUES ('202302141514118494jki876', 'qwe111', '2024-02-23 00:36:17', '测试数据-YLAMIfdIrm', 0);
INSERT INTO starfall.comment (topicId, user, date, content, weight) VALUES ('202307032232468750kujjh7', 'test', '2023-02-22 05:01:16', '测试数据-S0kLQmyKtG', 0);
INSERT INTO starfall.comment (topicId, user, date, content, weight) VALUES ('202301251514118494a86gh7', 'qwe111', '2022-09-03 08:13:38', '测试数据-2jinYle3W4', 0);
INSERT INTO starfall.comment (topicId, user, date, content, weight) VALUES ('202306021223128374u765ds', 'test', '2024-12-17 11:08:26', '测试数据-RKS6ifS9Wc', 0);
INSERT INTO starfall.comment (topicId, user, date, content, weight) VALUES ('202306021223128374u765ds', 'qwe111', '2022-06-06 11:31:43', '测试数据-jVDNkpBv6z', 0);
INSERT INTO starfall.comment (topicId, user, date, content, weight) VALUES ('202307032232468750kujjh7', 'test', '2023-02-05 13:55:51', '测试数据-F0P2Scqkzv', 0);
INSERT INTO starfall.comment (topicId, user, date, content, weight) VALUES ('202301251514118494a86gh7', 'qwe111', '2023-03-20 23:27:40', '测试数据-YWOyIaQyya', 0);
INSERT INTO starfall.comment (topicId, user, date, content, weight) VALUES ('202307280812568739kj87yu', 'qwe111', '2022-09-06 17:38:30', '测试数据-SJ5HKHkZJe', 0);
INSERT INTO starfall.comment (topicId, user, date, content, weight) VALUES ('202309161734220648k7g8m3', 'test', '2023-04-21 10:19:53', '测试数据-69mToxnkJU', 0);
INSERT INTO starfall.comment (topicId, user, date, content, weight) VALUES ('202306021223128374u765ds', 'test', '2024-06-11 22:49:37', '测试数据-9cpiNWbQaZ', 0);
INSERT INTO starfall.comment (topicId, user, date, content, weight) VALUES ('202302141514118494jki876', 'test', '2023-12-25 23:30:02', '测试数据-i4fxpJzpNB', 0);
INSERT INTO starfall.comment (topicId, user, date, content, weight) VALUES ('202301251514118494a86gh7', 'admin', '2023-03-12 15:15:38', '测试数据-hjtTSX5pDT', 0);
INSERT INTO starfall.comment (topicId, user, date, content, weight) VALUES ('202307032232468750kujjh7', 'test', '2024-07-16 14:02:08', '测试数据-dUMPKj20iP', 0);
INSERT INTO starfall.comment (topicId, user, date, content, weight) VALUES ('202306021223128374u765ds', 'admin', '2024-11-12 22:52:14', '测试数据-TtQfehmPUH', 0);
INSERT INTO starfall.comment (topicId, user, date, content, weight) VALUES ('202309198512128456adqewe', 'qwe111', '2023-01-16 00:08:46', '测试数据-X4ZyP5tXg2', 0);
INSERT INTO starfall.comment (topicId, user, date, content, weight) VALUES ('202302141514118494jki876', 'test', '2022-01-25 19:14:45', '测试数据-0xIopSt8El', 0);
INSERT INTO starfall.comment (topicId, user, date, content, weight) VALUES ('202307032232468750kujjh7', 'qwe111', '2024-05-09 12:14:16', '测试数据-Gv8O67r7f9', 0);
INSERT INTO starfall.comment (topicId, user, date, content, weight) VALUES ('202307050154114312hg67yu', 'test', '2024-05-17 17:51:17', '测试数据-KTgoinHG0O', 0);
INSERT INTO starfall.comment (topicId, user, date, content, weight) VALUES ('202302141514118494jki876', 'test', '2022-07-02 15:27:28', '测试数据-SviwtOJBpi', 0);
INSERT INTO starfall.comment (topicId, user, date, content, weight) VALUES ('202307032232468750kujjh7', 'qwe111', '2024-04-09 07:36:32', '测试数据-t8X3diEJRg', 0);
INSERT INTO starfall.comment (topicId, user, date, content, weight) VALUES ('202309192013549547r6tfgh', 'admin', '2022-10-04 07:29:35', '测试数据-qCQV6DNoHa', 0);
INSERT INTO starfall.comment (topicId, user, date, content, weight) VALUES ('202309192013549547r6tfgh', 'admin', '2024-11-24 22:49:42', '测试数据-nVQjCk31VQ', 0);
INSERT INTO starfall.comment (topicId, user, date, content, weight) VALUES ('202304092314116757ky97', 'qwe111', '2024-01-24 05:44:47', '测试数据-7xu0yCQNG2', 0);
INSERT INTO starfall.comment (topicId, user, date, content, weight) VALUES ('202307050154114312hg67yu', 'qwe111', '2023-03-15 03:22:50', '测试数据-ap7H2ZTzbm', 0);
INSERT INTO starfall.comment (topicId, user, date, content, weight) VALUES ('202307032232468750kujjh7', 'qwe111', '2022-01-31 21:33:01', '测试数据-SbbGfYqaRM', 0);
INSERT INTO starfall.comment (topicId, user, date, content, weight) VALUES ('202309192013549547r6tfgh', 'qwe111', '2024-08-26 12:48:34', '测试数据-1YanNcLo7F', 0);
INSERT INTO starfall.comment (topicId, user, date, content, weight) VALUES ('202309161734220648k7g8m3', 'qwe111', '2023-05-03 03:28:10', '测试数据-GZiXlBHOaR', 0);
INSERT INTO starfall.comment (topicId, user, date, content, weight) VALUES ('202304092314116757ky97', 'test', '2022-04-12 21:56:32', '测试数据-d4D1NdRDmt', 0);
INSERT INTO starfall.comment (topicId, user, date, content, weight) VALUES ('202301251514118494a86gh7', 'test', '2023-09-13 03:43:27', '测试数据-ryVVMUtjo0', 0);
INSERT INTO starfall.comment (topicId, user, date, content, weight) VALUES ('202307032232468750kujjh7', 'test', '2023-08-26 07:51:52', '测试数据-G4d3MmDUI5', 0);
INSERT INTO starfall.comment (topicId, user, date, content, weight) VALUES ('202301251514118494a86gh7', 'admin', '2022-11-01 12:54:54', '测试数据-0FRryvwqzD', 0);
INSERT INTO starfall.comment (topicId, user, date, content, weight) VALUES ('202309161734220648k7g8m3', 'test', '2023-11-14 07:33:42', '测试数据-wL1hkl0Cko', 0);
INSERT INTO starfall.comment (topicId, user, date, content, weight) VALUES ('202309192013549547r6tfgh', 'admin', '2022-05-31 11:23:07', '测试数据-0BVORsVGkV', 0);
INSERT INTO starfall.comment (topicId, user, date, content, weight) VALUES ('202307032232468750kujjh7', 'test', '2023-10-06 19:00:53', '测试数据-ZFgznb81DA', 0);
INSERT INTO starfall.comment (topicId, user, date, content, weight) VALUES ('202309192013549547r6tfgh', 'test', '2023-12-10 22:15:26', '测试数据-kNaC9ZHCHe', 0);
INSERT INTO starfall.comment (topicId, user, date, content, weight) VALUES ('202309198512128456adqewe', 'qwe111', '2022-01-24 18:25:46', '测试数据-qyIhjxw5ip', 0);
INSERT INTO starfall.comment (topicId, user, date, content, weight) VALUES ('202301251514118494a86gh7', 'qwe111', '2024-02-09 20:13:51', '测试数据-wyphEAvro4', 0);
INSERT INTO starfall.comment (topicId, user, date, content, weight) VALUES ('202307050154114312hg67yu', 'test', '2023-12-14 23:37:20', '测试数据-ubic774WB1', 0);
INSERT INTO starfall.comment (topicId, user, date, content, weight) VALUES ('202309161734220648k7g8m3', 'test', '2024-04-12 03:13:48', '测试数据-agbj93DnnZ', 0);
INSERT INTO starfall.comment (topicId, user, date, content, weight) VALUES ('202309192013549547r6tfgh', 'test', '2022-05-30 16:41:49', '测试数据-FNMQo5oVZC', 0);
INSERT INTO starfall.comment (topicId, user, date, content, weight) VALUES ('202302141514118494jki876', 'qwe111', '2023-04-10 07:41:44', '测试数据-puZUxo5Dbl', 0);
INSERT INTO starfall.comment (topicId, user, date, content, weight) VALUES ('202302141514118494jki876', 'qwe111', '2024-09-15 01:05:43', '测试数据-miftOtSuGg', 0);
INSERT INTO starfall.comment (topicId, user, date, content, weight) VALUES ('202307032232468750kujjh7', 'admin', '2023-03-06 00:22:17', '测试数据-MGktvujpZt', 0);
INSERT INTO starfall.comment (topicId, user, date, content, weight) VALUES ('202302141514118494jki876', 'admin', '2023-07-23 15:11:39', '测试数据-HOGtwLpEdq', 0);
INSERT INTO starfall.comment (topicId, user, date, content, weight) VALUES ('202304092314116757ky97', 'qwe111', '2023-12-21 00:32:04', '测试数据-DFvLFIOOeR', 0);
INSERT INTO starfall.comment (topicId, user, date, content, weight) VALUES ('202304092314116757ky97', 'test', '2023-03-31 11:55:37', '测试数据-pUWey6FN3M', 0);
INSERT INTO starfall.comment (topicId, user, date, content, weight) VALUES ('202309192322127657jghyu6', 'test', '2022-11-20 08:28:41', '测试数据-Au1EkumAes', 0);
INSERT INTO starfall.comment (topicId, user, date, content, weight) VALUES ('202307032232468750kujjh7', 'test', '2024-10-07 09:41:50', '测试数据-xsEy75w4mJ', 0);
INSERT INTO starfall.comment (topicId, user, date, content, weight) VALUES ('202307050154114312hg67yu', 'qwe111', '2023-11-07 19:19:05', '测试数据-ZlvPZabuVS', 0);
INSERT INTO starfall.comment (topicId, user, date, content, weight) VALUES ('202307050154114312hg67yu', 'admin', '2022-10-09 09:18:04', '测试数据-EHjy3I0fAK', 0);
INSERT INTO starfall.comment (topicId, user, date, content, weight) VALUES ('202309198512128456adqewe', 'admin', '2022-03-20 07:35:05', '测试数据-qkACVeQKuH', 0);
INSERT INTO starfall.comment (topicId, user, date, content, weight) VALUES ('202309198512128456adqewe', 'admin', '2024-06-10 04:48:16', '测试数据-JxiqBYYzB9', 0);
INSERT INTO starfall.comment (topicId, user, date, content, weight) VALUES ('202306021223128374u765ds', 'test', '2024-05-07 16:14:40', '测试数据-sOuzzMenuy', 0);
INSERT INTO starfall.comment (topicId, user, date, content, weight) VALUES ('202309192013549547r6tfgh', 'admin', '2023-11-08 20:38:32', '测试数据-2CmHvDtjOQ', 0);
INSERT INTO starfall.comment (topicId, user, date, content, weight) VALUES ('202307050154114312hg67yu', 'test', '2023-01-18 13:28:42', '测试数据-7trCG1gntN', 0);
INSERT INTO starfall.comment (topicId, user, date, content, weight) VALUES ('202309192322127657jghyu6', 'admin', '2023-12-30 18:39:30', '测试数据-I5fglimtuu', 0);
INSERT INTO starfall.comment (topicId, user, date, content, weight) VALUES ('202302141514118494jki876', 'admin', '2023-02-22 12:22:43', '测试数据-TK1KgdYXMP', 0);
INSERT INTO starfall.comment (topicId, user, date, content, weight) VALUES ('202307032232468750kujjh7', 'admin', '2024-02-08 22:42:58', '测试数据-BIwHN3lzRp', 0);
INSERT INTO starfall.comment (topicId, user, date, content, weight) VALUES ('202302141514118494jki876', 'qwe111', '2022-01-23 12:27:27', '测试数据-5Gk6L5XjgB', 0);
INSERT INTO starfall.comment (topicId, user, date, content, weight) VALUES ('202309192322127657jghyu6', 'qwe111', '2023-01-31 02:57:31', '测试数据-Sf6Nfcx3yI', 0);
INSERT INTO starfall.comment (topicId, user, date, content, weight) VALUES ('202309161734220648k7g8m3', 'test', '2022-05-07 00:06:40', '测试数据-de9klu7vTh', 0);
INSERT INTO starfall.comment (topicId, user, date, content, weight) VALUES ('202307050154114312hg67yu', 'test', '2022-06-08 10:02:42', '测试数据-n0NsWbKqhx', 0);
INSERT INTO starfall.comment (topicId, user, date, content, weight) VALUES ('202309161734220648k7g8m3', 'test', '2022-07-28 13:41:50', '测试数据-9MqCD3yKpJ', 0);
INSERT INTO starfall.comment (topicId, user, date, content, weight) VALUES ('202307280812568739kj87yu', 'admin', '2024-07-08 19:52:00', '测试数据-aJc4KAFaSK', 0);
INSERT INTO starfall.comment (topicId, user, date, content, weight) VALUES ('202301251514118494a86gh7', 'test', '2023-07-27 18:18:09', '测试数据-9sBf0mbYCC', 0);
INSERT INTO starfall.comment (topicId, user, date, content, weight) VALUES ('202304092314116757ky97', 'test', '2023-06-28 06:36:14', '测试数据-sejrNQvnhD', 0);
INSERT INTO starfall.comment (topicId, user, date, content, weight) VALUES ('202309198512128456adqewe', 'test', '2023-01-09 19:19:13', '测试数据-7sCfvPJUpe', 0);
INSERT INTO starfall.comment (topicId, user, date, content, weight) VALUES ('202306021223128374u765ds', 'qwe111', '2022-05-08 00:37:34', '测试数据-kMnGAlQh0v', 0);
INSERT INTO starfall.comment (topicId, user, date, content, weight) VALUES ('202302141514118494jki876', 'admin', '2022-04-02 11:18:19', '测试数据-kAGLR4sjtR', 0);
INSERT INTO starfall.comment (topicId, user, date, content, weight) VALUES ('202309161734220648k7g8m3', 'test', '2024-05-24 22:57:14', '测试数据-HOQW3Ioqgx', 0);
INSERT INTO starfall.comment (topicId, user, date, content, weight) VALUES ('202307050154114312hg67yu', 'admin', '2022-03-06 16:54:30', '测试数据-5SWhKlSLq2', 0);
INSERT INTO starfall.comment (topicId, user, date, content, weight) VALUES ('202302141514118494jki876', 'admin', '2022-02-08 03:52:51', '测试数据-spEu71tYvZ', 0);
INSERT INTO starfall.comment (topicId, user, date, content, weight) VALUES ('202309198512128456adqewe', 'qwe111', '2023-02-19 08:40:47', '测试数据-abUjp9QjNv', 0);
INSERT INTO starfall.comment (topicId, user, date, content, weight) VALUES ('202307280812568739kj87yu', 'qwe111', '2023-07-17 15:08:17', '测试数据-8vcdo843Wf', 0);
INSERT INTO starfall.comment (topicId, user, date, content, weight) VALUES ('202309192322127657jghyu6', 'test', '2023-05-13 13:55:19', '测试数据-xTD6ZicEwP', 0);
INSERT INTO starfall.comment (topicId, user, date, content, weight) VALUES ('202307032232468750kujjh7', 'test', '2023-09-14 22:52:49', '测试数据-4YFXmfnuBw', 0);
INSERT INTO starfall.comment (topicId, user, date, content, weight) VALUES ('202309192322127657jghyu6', 'test', '2022-10-13 18:11:02', '测试数据-82q5IkHUSz', 0);
INSERT INTO starfall.comment (topicId, user, date, content, weight) VALUES ('202301251514118494a86gh7', 'admin', '2024-11-19 21:52:39', '测试数据-8BPhpccOen', 0);
INSERT INTO starfall.comment (topicId, user, date, content, weight) VALUES ('202302141514118494jki876', 'qwe111', '2022-07-14 18:08:45', '测试数据-r7cszF0cac', 0);
INSERT INTO starfall.comment (topicId, user, date, content, weight) VALUES ('202309192013549547r6tfgh', 'test', '2022-05-18 19:56:10', '测试数据-fFZPahPqrw', 0);
INSERT INTO starfall.comment (topicId, user, date, content, weight) VALUES ('202306021223128374u765ds', 'admin', '2022-05-27 10:14:04', '测试数据-LvxgILo6UK', 0);
INSERT INTO starfall.comment (topicId, user, date, content, weight) VALUES ('202304092314116757ky97', 'admin', '2022-05-01 02:46:27', '测试数据-Dp8HGRHZSM', 2);
INSERT INTO starfall.comment (topicId, user, date, content, weight) VALUES ('202306021223128374u765ds', 'qwe111', '2024-01-15 10:59:54', '测试数据-0LeMBLZHQc', 0);
INSERT INTO starfall.comment (topicId, user, date, content, weight) VALUES ('202306021223128374u765ds', 'qwe111', '2022-09-29 17:41:19', '测试数据-yC35E744Al', 0);
INSERT INTO starfall.comment (topicId, user, date, content, weight) VALUES ('202302141514118494jki876', 'admin', '2022-01-05 07:46:41', '测试数据-gTwa8fk1Ca', 0);
INSERT INTO starfall.comment (topicId, user, date, content, weight) VALUES ('202307032232468750kujjh7', 'qwe111', '2024-09-04 16:25:06', '测试数据-v03VxbpzmG', 0);
INSERT INTO starfall.comment (topicId, user, date, content, weight) VALUES ('202301251514118494a86gh7', 'admin', '2022-02-14 01:11:57', '测试数据-R9y7L8uGSI', 0);
INSERT INTO starfall.comment (topicId, user, date, content, weight) VALUES ('202309161734220648k7g8m3', 'qwe111', '2022-05-08 13:55:33', '测试数据-4RZym3Lb5u', 0);
INSERT INTO starfall.comment (topicId, user, date, content, weight) VALUES ('202304092314116757ky97', 'admin', '2023-01-20 15:30:05', '测试数据-tAwkfvRqzA', 0);
INSERT INTO starfall.comment (topicId, user, date, content, weight) VALUES ('202309192013549547r6tfgh', 'qwe111', '2023-03-20 17:00:26', '测试数据-31p0YsoDir', 0);
INSERT INTO starfall.comment (topicId, user, date, content, weight) VALUES ('202307050154114312hg67yu', 'qwe111', '2024-01-24 17:53:35', '测试数据-Txbc7517DB', 0);
INSERT INTO starfall.comment (topicId, user, date, content, weight) VALUES ('202301251514118494a86gh7', 'test', '2022-05-06 07:16:12', '测试数据-LwXaLoIobe', 0);
INSERT INTO starfall.comment (topicId, user, date, content, weight) VALUES ('202309192322127657jghyu6', 'admin', '2024-01-13 00:11:21', '测试数据-qrjCbF1D5i', 0);
INSERT INTO starfall.comment (topicId, user, date, content, weight) VALUES ('202307280812568739kj87yu', 'qwe111', '2023-12-28 19:54:04', '测试数据-61XTQcNfb7', 0);
INSERT INTO starfall.comment (topicId, user, date, content, weight) VALUES ('202309192013549547r6tfgh', 'admin', '2024-04-07 23:12:06', '测试数据-BB3lvgmtqC', 0);
INSERT INTO starfall.comment (topicId, user, date, content, weight) VALUES ('202307280812568739kj87yu', 'test', '2024-12-10 10:01:24', '测试数据-g8WJX1tRV9', 0);
INSERT INTO starfall.comment (topicId, user, date, content, weight) VALUES ('202307032232468750kujjh7', 'admin', '2024-04-16 17:14:21', '测试数据-K7qWBu9Dvm', 0);
INSERT INTO starfall.comment (topicId, user, date, content, weight) VALUES ('202309161734220648k7g8m3', 'qwe111', '2023-12-18 09:16:58', '测试数据-7fgSNKy9yZ', 0);
INSERT INTO starfall.comment (topicId, user, date, content, weight) VALUES ('202306021223128374u765ds', 'qwe111', '2022-01-28 11:39:02', '测试数据-xdRuPwHvAl', 0);
INSERT INTO starfall.comment (topicId, user, date, content, weight) VALUES ('202309198512128456adqewe', 'admin', '2024-08-28 10:41:34', '测试数据-ySLGf2WRXZ', 0);
INSERT INTO starfall.comment (topicId, user, date, content, weight) VALUES ('202306021223128374u765ds', 'qwe111', '2022-05-18 08:29:48', '测试数据-vJRIL895oP', 0);
INSERT INTO starfall.comment (topicId, user, date, content, weight) VALUES ('202309192322127657jghyu6', 'qwe111', '2024-03-14 04:27:36', '测试数据-5efxh5dmIT', 0);
INSERT INTO starfall.comment (topicId, user, date, content, weight) VALUES ('202306021223128374u765ds', 'qwe111', '2022-10-10 19:27:15', '测试数据-vj2UlFfoxC', 0);
INSERT INTO starfall.comment (topicId, user, date, content, weight) VALUES ('202309192013549547r6tfgh', 'qwe111', '2022-10-05 14:36:06', '测试数据-hSQjx7iwFk', 0);
INSERT INTO starfall.comment (topicId, user, date, content, weight) VALUES ('202302141514118494jki876', 'admin', '2022-04-27 08:51:25', '测试数据-tGOhjuKd8M', 0);
INSERT INTO starfall.comment (topicId, user, date, content, weight) VALUES ('202307050154114312hg67yu', 'qwe111', '2024-03-19 12:33:34', '测试数据-GnPBOEO7uN', 0);
INSERT INTO starfall.comment (topicId, user, date, content, weight) VALUES ('202309192013549547r6tfgh', 'qwe111', '2022-06-26 20:07:07', '测试数据-swr6QpVgGD', 0);
INSERT INTO starfall.comment (topicId, user, date, content, weight) VALUES ('202309192013549547r6tfgh', 'admin', '2022-05-16 08:01:40', '测试数据-zfkqzayjlv', 0);
INSERT INTO starfall.comment (topicId, user, date, content, weight) VALUES ('202306021223128374u765ds', 'qwe111', '2024-06-29 18:05:01', '测试数据-zNhmSvMREn', 0);
INSERT INTO starfall.comment (topicId, user, date, content, weight) VALUES ('202304092314116757ky97', 'admin', '2024-03-06 10:54:47', '测试数据-J7XqV68P2x', 0);
INSERT INTO starfall.comment (topicId, user, date, content, weight) VALUES ('202307280812568739kj87yu', 'qwe111', '2023-02-14 21:43:37', '测试数据-awgk902f0Q', 0);
INSERT INTO starfall.comment (topicId, user, date, content, weight) VALUES ('202306021223128374u765ds', 'qwe111', '2022-03-29 07:22:39', '测试数据-zQUShTvn8O', 0);
INSERT INTO starfall.comment (topicId, user, date, content, weight) VALUES ('202304092314116757ky97', 'admin', '2024-08-31 12:11:50', '测试数据-y2IfdWEBJe', 0);
INSERT INTO starfall.comment (topicId, user, date, content, weight) VALUES ('202307280812568739kj87yu', 'admin', '2022-08-20 04:44:57', '测试数据-WmPlN8R7Hh', 0);
INSERT INTO starfall.comment (topicId, user, date, content, weight) VALUES ('202309198512128456adqewe', 'test', '2022-10-30 02:34:03', '测试数据-bmpppD0q2O', 0);
INSERT INTO starfall.comment (topicId, user, date, content, weight) VALUES ('202307032232468750kujjh7', 'qwe111', '2022-09-14 01:48:25', '测试数据-hvInAf9hCt', 0);
INSERT INTO starfall.comment (topicId, user, date, content, weight) VALUES ('202304092314116757ky97', 'test', '2022-07-10 09:08:49', '测试数据-jg1imgq7OG', 0);
INSERT INTO starfall.comment (topicId, user, date, content, weight) VALUES ('202307050154114312hg67yu', 'qwe111', '2022-04-25 07:07:31', '测试数据-IBys6TsWLI', 0);
INSERT INTO starfall.comment (topicId, user, date, content, weight) VALUES ('202301251514118494a86gh7', 'qwe111', '2024-07-01 05:33:36', '测试数据-O4B5vrfVtM', 0);
INSERT INTO starfall.comment (topicId, user, date, content, weight) VALUES ('202302141514118494jki876', 'qwe111', '2022-04-22 03:42:09', '测试数据-YlUMkkctdR', 0);
INSERT INTO starfall.comment (topicId, user, date, content, weight) VALUES ('202304092314116757ky97', 'qwe111', '2024-01-18 03:07:04', '测试数据-trIqWC7ASj', 0);
INSERT INTO starfall.comment (topicId, user, date, content, weight) VALUES ('202307032232468750kujjh7', 'test', '2022-04-28 14:09:25', '测试数据-0t6BLdJ7qC', 0);
INSERT INTO starfall.comment (topicId, user, date, content, weight) VALUES ('202309192322127657jghyu6', 'qwe111', '2024-12-23 19:54:25', '测试数据-7ivFxlfEQQ', 0);
INSERT INTO starfall.comment (topicId, user, date, content, weight) VALUES ('202309192013549547r6tfgh', 'admin', '2023-09-07 12:39:28', '测试数据-RHmObLOiwf', 0);
INSERT INTO starfall.comment (topicId, user, date, content, weight) VALUES ('202309192322127657jghyu6', 'test', '2023-08-23 00:09:00', '测试数据-LRqZZxWloB', 0);
INSERT INTO starfall.comment (topicId, user, date, content, weight) VALUES ('202304092314116757ky97', 'qwe111', '2024-04-22 01:33:07', '测试数据-7qMMUoI2f9', 0);
INSERT INTO starfall.comment (topicId, user, date, content, weight) VALUES ('202307280812568739kj87yu', 'test', '2024-01-25 21:26:16', '测试数据-1E0Hgyq7Wg', 0);
INSERT INTO starfall.comment (topicId, user, date, content, weight) VALUES ('202307280812568739kj87yu', 'admin', '2023-10-02 19:37:51', '测试数据-sHhXbCBQU6', 0);
INSERT INTO starfall.comment (topicId, user, date, content, weight) VALUES ('202302141514118494jki876', 'test', '2024-11-26 02:06:06', '测试数据-yRdWvZKzP2', 0);
INSERT INTO starfall.comment (topicId, user, date, content, weight) VALUES ('202307032232468750kujjh7', 'admin', '2024-04-04 05:15:45', '测试数据-f5FoSJLT3n', 0);
INSERT INTO starfall.comment (topicId, user, date, content, weight) VALUES ('202307050154114312hg67yu', 'qwe111', '2024-06-18 20:58:34', '测试数据-4fdzOn8cTs', 0);
INSERT INTO starfall.comment (topicId, user, date, content, weight) VALUES ('202511041506051459xr9xhj', 'admin', '2026-01-12 22:36:54', '我是第一个评论的哈，我来坐沙发', 2);
INSERT INTO starfall.comment (topicId, user, date, content, weight) VALUES ('202304092314116757ky97', 'admin', '2026-04-05 22:26:13', ':mc.item.acacia_door:', 0);
INSERT INTO starfall.comment (topicId, user, date, content, weight) VALUES ('202304092314116757ky97', 'admin', '2026-04-05 23:34:14', ':mc.item.archer_pottery_sherd:', 0);
INSERT INTO starfall.comment (topicId, user, date, content, weight) VALUES ('202304092314116757ky97', 'admin', '2026-04-05 23:35:47', ':mc.item.baked_potato:', 0);
INSERT INTO starfall.comment (topicId, user, date, content, weight) VALUES ('202304092314116757ky97', 'admin', '2026-04-05 23:38:52', ':mc.item.acacia_chest_boat:', 0);
INSERT INTO starfall.comment (topicId, user, date, content, weight) VALUES ('202304092314116757ky97', 'admin', '2026-04-05 23:39:52', ':mc.item.allay_spawn_egg:', 0);
INSERT INTO starfall.comment (topicId, user, date, content, weight) VALUES ('202304092314116757ky97', 'admin', '2026-04-05 23:40:16', ':mc.item.armadillo_spawn_egg:', 0);
INSERT INTO starfall.comment (topicId, user, date, content, weight) VALUES ('202603161617161466869huf', 'admin', '2026-04-16 00:00:00', 'aaaaaddddd', 0);
INSERT INTO starfall.comment (topicId, user, date, content, weight) VALUES ('202604180033478898buja9h', 'admin', '2026-04-18 08:35:25', ':mc.item.baked_potato:

45645', 0);

INSERT INTO starfall.friend_application (id, from_user, to_user, date, reason, status) VALUES ('fa202602221804531194mfnnef', 'test', 'admin', '2026-02-22 18:04:53', '没有任何理由啦！！！！！', -1);
INSERT INTO starfall.friend_application (id, from_user, to_user, date, reason, status) VALUES ('fa202602221809371980ya4lb6', 'test', 'admin', '2026-02-22 18:09:37', '没有任何理由啦！！！！！', 1);
INSERT INTO starfall.friend_application (id, from_user, to_user, date, reason, status) VALUES ('fa202602252207588972x8thwq', 'admin', 'qwe111', '2026-02-25 22:07:58', '1232132', -1);
INSERT INTO starfall.friend_application (id, from_user, to_user, date, reason, status) VALUES ('fa2026041522554303226s4xfl', 'admin', 'test', '2026-04-15 22:55:43', '123123', 1);
INSERT INTO starfall.friend_application (id, from_user, to_user, date, reason, status) VALUES ('fa202604152307555538eybd7j', 'admin', 'test', '2026-04-15 23:07:55', 'aqweq', 1);
INSERT INTO starfall.friend_application (id, from_user, to_user, date, reason, status) VALUES ('fa202604152310088299r4ia56', 'test', 'admin', '2026-04-15 23:10:08', 'weqwewqe', 1);
INSERT INTO starfall.friend_application (id, from_user, to_user, date, reason, status) VALUES ('fa202604152314216037vueymx', 'test', 'test', '2026-04-15 23:14:21', 'aaaaaa', 1);
INSERT INTO starfall.friend_application (id, from_user, to_user, date, reason, status) VALUES ('fa202604152317371173zejf9r', 'test', 'admin', '2026-04-15 23:17:37', '1111', 1);
INSERT INTO starfall.friend_application (id, from_user, to_user, date, reason, status) VALUES ('fa202604152318164169nja9un', 'admin', 'test', '2026-04-15 23:18:16', 'asdas', 1);
INSERT INTO starfall.friend_application (id, from_user, to_user, date, reason, status) VALUES ('fa202604152323249184hrnu2g', 'admin', 'test', '2026-04-15 23:23:24', '12312312', -1);
INSERT INTO starfall.friend_application (id, from_user, to_user, date, reason, status) VALUES ('fa202604152323392635934czq', 'admin', 'test', '2026-04-15 23:23:39', 'eqeqw', 1);

INSERT INTO starfall.friend_relation (id, from_user, to_user, relation, alias, create_time, update_time, is_top) VALUES ('fr202602252220073889gk2zxf', 'admin', 'qwe111', 0, '', null, '2026-04-18 02:34:02', 0);
INSERT INTO starfall.friend_relation (id, from_user, to_user, relation, alias, create_time, update_time, is_top) VALUES ('fr202602252220073889vzzqu8', 'qwe111', 'admin', 1, null, '2026-02-25 22:20:07', '2026-02-25 22:20:07', 0);
INSERT INTO starfall.friend_relation (id, from_user, to_user, relation, alias, create_time, update_time, is_top) VALUES ('fr2026041523234178462wdesa', 'test', 'admin', 1, null, '2026-04-15 23:23:41', '2026-04-15 23:23:41', 0);
INSERT INTO starfall.friend_relation (id, from_user, to_user, relation, alias, create_time, update_time, is_top) VALUES ('fr202604152323417846xg3jkl', 'admin', 'test', 1, '测试', '2026-04-15 23:23:41', '2026-04-18 02:34:08', 1);

INSERT INTO starfall.home_talk (id, user, content, date) VALUES ('HT202509151044492283c6ou', 'admin', '测试数据-bfUfsZLaip', '2022-03-05 15:41:06');
INSERT INTO starfall.home_talk (id, user, content, date) VALUES ('HT202509151044492377d9k8', 'qwe111', '测试数据-ACihBsQ7JO', '2024-07-22 01:16:58');
INSERT INTO starfall.home_talk (id, user, content, date) VALUES ('HT202509151044492377dtt4', 'qwe111', '测试数据-jTA6dmbQnP', '2024-03-01 16:42:04');
INSERT INTO starfall.home_talk (id, user, content, date) VALUES ('HT202509151044492377fk4j', 'admin', '测试数据-SiFirrNy53', '2022-10-24 16:35:08');
INSERT INTO starfall.home_talk (id, user, content, date) VALUES ('HT202509151044492377m7zz', 'qwe111', '测试数据-FByICt317w', '2024-09-16 19:29:31');
INSERT INTO starfall.home_talk (id, user, content, date) VALUES ('HT202509151044492377ni2g', 'test', '测试数据-RdxuebqjyH', '2022-11-09 02:40:16');
INSERT INTO starfall.home_talk (id, user, content, date) VALUES ('HT2025091510444923873tbd', 'test', '测试数据-vJrVJdjdIm', '2024-11-12 04:25:07');
INSERT INTO starfall.home_talk (id, user, content, date) VALUES ('HT20250915104449238747bz', 'test', '测试数据-TEWwWVssXI', '2022-01-16 11:34:31');
INSERT INTO starfall.home_talk (id, user, content, date) VALUES ('HT202509151044492387adxj', 'test', '测试数据-anySr0tcrf', '2022-04-17 06:09:50');
INSERT INTO starfall.home_talk (id, user, content, date) VALUES ('HT202509151044492387fxya', 'admin', '测试数据-gswpFlMyiB', '2022-08-15 18:16:10');
INSERT INTO starfall.home_talk (id, user, content, date) VALUES ('HT202509151044492387i2g7', 'test', '测试数据-TtpEZpN9MB', '2022-02-21 20:59:24');
INSERT INTO starfall.home_talk (id, user, content, date) VALUES ('HT202509151044492387jgmz', 'test', '测试数据-ZBcF00FNS5', '2024-06-28 13:56:52');
INSERT INTO starfall.home_talk (id, user, content, date) VALUES ('HT202509151044492387xgls', 'test', '测试数据-qADEkUwYoL', '2023-03-02 04:08:16');
INSERT INTO starfall.home_talk (id, user, content, date) VALUES ('HT202509151044492397bqxm', 'qwe111', '测试数据-boUFqYiCOd', '2024-07-17 21:13:22');
INSERT INTO starfall.home_talk (id, user, content, date) VALUES ('HT202509151044492397eaam', 'admin', '测试数据-lMIgEOHzxl', '2023-08-12 07:57:59');
INSERT INTO starfall.home_talk (id, user, content, date) VALUES ('HT202509151044492397fl46', 'qwe111', '测试数据-I7pDKcK1bK', '2023-11-14 03:04:51');
INSERT INTO starfall.home_talk (id, user, content, date) VALUES ('HT202509151044492397iqnn', 'admin', '测试数据-8I6B5B58id', '2022-04-02 20:48:06');
INSERT INTO starfall.home_talk (id, user, content, date) VALUES ('HT202509151044492397kb8q', 'test', '测试数据-tTl1jHpwYh', '2024-07-22 13:01:31');
INSERT INTO starfall.home_talk (id, user, content, date) VALUES ('HT202509151044492397n37l', 'admin', '测试数据-JowYBWLHJ7', '2023-02-01 11:58:11');
INSERT INTO starfall.home_talk (id, user, content, date) VALUES ('HT202509151044492397xcgd', 'qwe111', '测试数据-JkWDRHPX6V', '2023-06-12 18:14:17');
INSERT INTO starfall.home_talk (id, user, content, date) VALUES ('HT202509151044492397xslc', 'admin', '测试数据-QhlqJYnPpp', '2023-07-05 12:19:29');
INSERT INTO starfall.home_talk (id, user, content, date) VALUES ('HT202509151044492397yo6v', 'qwe111', '测试数据-s93bmrXUrE', '2023-07-16 15:23:37');
INSERT INTO starfall.home_talk (id, user, content, date) VALUES ('HT2025091510444924073vgl', 'test', '测试数据-hO2z3T4c5o', '2022-01-06 10:06:48');
INSERT INTO starfall.home_talk (id, user, content, date) VALUES ('HT2025091510444924076b4e', 'test', '测试数据-XY30NAQPQ5', '2022-04-20 19:21:51');
INSERT INTO starfall.home_talk (id, user, content, date) VALUES ('HT202509151044492407bsbq', 'qwe111', '测试数据-Mndn6TimWK', '2023-11-26 09:34:44');
INSERT INTO starfall.home_talk (id, user, content, date) VALUES ('HT202509151044492407dt55', 'test', '测试数据-Zgx3cnBi19', '2022-06-03 19:09:29');
INSERT INTO starfall.home_talk (id, user, content, date) VALUES ('HT202509151044492407exr4', 'qwe111', '测试数据-xoeb33pdxK', '2024-07-12 21:21:48');
INSERT INTO starfall.home_talk (id, user, content, date) VALUES ('HT202509151044492407f8bh', 'qwe111', '测试数据-OSA4EgBnkn', '2023-09-22 21:54:18');
INSERT INTO starfall.home_talk (id, user, content, date) VALUES ('HT202509151044492407macj', 'test', '测试数据-PyP0RXQl0s', '2022-03-16 13:19:27');
INSERT INTO starfall.home_talk (id, user, content, date) VALUES ('HT202509151044492407wqok', 'test', '测试数据-BRTcXZstCs', '2023-06-08 13:14:59');
INSERT INTO starfall.home_talk (id, user, content, date) VALUES ('HT202509151044492407x7x9', 'admin', '测试数据-Y5bXKaUjIm', '2022-04-11 08:05:12');
INSERT INTO starfall.home_talk (id, user, content, date) VALUES ('HT202509151044492407yn2b', 'admin', '测试数据-UkM1pXRW3G', '2022-07-27 14:11:30');
INSERT INTO starfall.home_talk (id, user, content, date) VALUES ('HT202509151044492407yv7m', 'test', '测试数据-T3CV4Zyy33', '2022-08-19 08:01:51');
INSERT INTO starfall.home_talk (id, user, content, date) VALUES ('HT2025091510444924173tut', 'test', '测试数据-ez8ugCGeBT', '2024-04-18 00:27:30');
INSERT INTO starfall.home_talk (id, user, content, date) VALUES ('HT2025091510444924176eeq', 'qwe111', '测试数据-TjXMuyjIui', '2023-06-10 21:40:13');
INSERT INTO starfall.home_talk (id, user, content, date) VALUES ('HT202509151044492417a9dm', 'qwe111', '测试数据-8D96UPYhXx', '2024-09-06 19:10:13');
INSERT INTO starfall.home_talk (id, user, content, date) VALUES ('HT202509151044492417d5vw', 'test', '测试数据-HVxRfSq23M', '2023-03-15 19:18:46');
INSERT INTO starfall.home_talk (id, user, content, date) VALUES ('HT202509151044492417esvz', 'qwe111', '测试数据-yd7PIYuG1e', '2022-09-10 23:33:19');
INSERT INTO starfall.home_talk (id, user, content, date) VALUES ('HT202509151044492417iarh', 'admin', '测试数据-ScD4RJmk6j', '2022-08-04 13:36:06');
INSERT INTO starfall.home_talk (id, user, content, date) VALUES ('HT202509151044492417jirx', 'admin', '测试数据-8SGGbuocMM', '2022-01-25 19:16:15');
INSERT INTO starfall.home_talk (id, user, content, date) VALUES ('HT202509151044492417jwhb', 'admin', '测试数据-kUilXPq6lA', '2023-06-13 21:15:52');
INSERT INTO starfall.home_talk (id, user, content, date) VALUES ('HT202509151044492417kbbm', 'qwe111', '测试数据-COq51csDRf', '2023-05-23 09:44:47');
INSERT INTO starfall.home_talk (id, user, content, date) VALUES ('HT202509151044492417muis', 'admin', '测试数据-GqGYfym7KF', '2023-01-14 18:35:34');
INSERT INTO starfall.home_talk (id, user, content, date) VALUES ('HT202509151044492417oa7v', 'admin', '测试数据-81Gk7BYkY1', '2024-03-11 14:34:51');
INSERT INTO starfall.home_talk (id, user, content, date) VALUES ('HT202509151044492417r96s', 'test', '测试数据-PUHuVy9ZgP', '2023-08-01 01:16:24');
INSERT INTO starfall.home_talk (id, user, content, date) VALUES ('HT202509151044492417vmqh', 'qwe111', '测试数据-UNjijN3juA', '2022-07-12 11:32:12');
INSERT INTO starfall.home_talk (id, user, content, date) VALUES ('HT202509151044492417ykc6', 'test', '测试数据-3y9APwnMvJ', '2023-03-21 07:12:04');
INSERT INTO starfall.home_talk (id, user, content, date) VALUES ('HT2025091510444924285f95', 'test', '测试数据-J4pkMeDVmr', '2024-01-10 05:40:50');
INSERT INTO starfall.home_talk (id, user, content, date) VALUES ('HT2025091510444924285lx2', 'test', '测试数据-XSp4qfA11u', '2024-12-08 04:49:30');
INSERT INTO starfall.home_talk (id, user, content, date) VALUES ('HT2025091510444924286g93', 'test', '测试数据-sVbTl1T33H', '2022-07-19 08:06:43');
INSERT INTO starfall.home_talk (id, user, content, date) VALUES ('HT2025091510444924287uvq', 'admin', '测试数据-yXzQj1cn1s', '2023-05-04 19:30:01');
INSERT INTO starfall.home_talk (id, user, content, date) VALUES ('HT20250915104449242894fo', 'test', '测试数据-Hq14tiVxwU', '2024-09-10 21:33:11');
INSERT INTO starfall.home_talk (id, user, content, date) VALUES ('HT202509151044492428at8b', 'admin', '测试数据-nkdOel5ZWG', '2023-11-29 07:34:22');
INSERT INTO starfall.home_talk (id, user, content, date) VALUES ('HT202509151044492428k3s6', 'admin', '测试数据-di1UJeMlil', '2024-04-15 19:33:05');
INSERT INTO starfall.home_talk (id, user, content, date) VALUES ('HT202509151044492428q93b', 'test', '测试数据-b7lQh8LlYD', '2024-02-21 17:27:35');
INSERT INTO starfall.home_talk (id, user, content, date) VALUES ('HT202509151044492428yfiv', 'admin', '测试数据-BW5F7PUZL8', '2023-02-23 01:31:10');
INSERT INTO starfall.home_talk (id, user, content, date) VALUES ('HT202509151044492428z2e9', 'qwe111', '测试数据-xuZgnGyfva', '2022-04-30 02:43:29');
INSERT INTO starfall.home_talk (id, user, content, date) VALUES ('HT20250915104449243824mk', 'test', '测试数据-zypTrmiOKv', '2022-05-04 21:29:39');
INSERT INTO starfall.home_talk (id, user, content, date) VALUES ('HT2025091510444924384jfc', 'test', '测试数据-hTL6BpoWYf', '2024-12-03 20:50:15');
INSERT INTO starfall.home_talk (id, user, content, date) VALUES ('HT202509151044492438953w', 'admin', '测试数据-nfKS49JRFz', '2024-12-06 15:59:08');
INSERT INTO starfall.home_talk (id, user, content, date) VALUES ('HT202509151044492438b8ql', 'test', '测试数据-QOtMpO9m3T', '2023-06-30 12:27:12');
INSERT INTO starfall.home_talk (id, user, content, date) VALUES ('HT202509151044492438b97d', 'test', '测试数据-ESMOjyb09o', '2022-08-22 06:27:49');
INSERT INTO starfall.home_talk (id, user, content, date) VALUES ('HT202509151044492438grhg', 'qwe111', '测试数据-CRtJn4eqWU', '2022-07-03 02:12:17');
INSERT INTO starfall.home_talk (id, user, content, date) VALUES ('HT202509151044492438h623', 'admin', '测试数据-ZHZZp3Oaeo', '2023-06-25 04:52:10');
INSERT INTO starfall.home_talk (id, user, content, date) VALUES ('HT202509151044492438m4zi', 'admin', '测试数据-74uuuWjriE', '2024-02-11 21:06:49');
INSERT INTO starfall.home_talk (id, user, content, date) VALUES ('HT202509151044492438qa9l', 'test', '测试数据-o4zn43Wrbz', '2024-01-23 01:07:55');
INSERT INTO starfall.home_talk (id, user, content, date) VALUES ('HT202509151044492438r3qh', 'qwe111', '测试数据-EpB9tepBk1', '2024-03-15 18:02:39');
INSERT INTO starfall.home_talk (id, user, content, date) VALUES ('HT202509151044492438rbar', 'qwe111', '测试数据-qdbEsOuou5', '2024-12-21 12:11:23');
INSERT INTO starfall.home_talk (id, user, content, date) VALUES ('HT202509151044492438vfvl', 'qwe111', '测试数据-kvELWUgHI7', '2022-10-24 06:03:10');
INSERT INTO starfall.home_talk (id, user, content, date) VALUES ('HT202509151044492438xos9', 'test', '测试数据-bprHyvSRHO', '2022-02-10 06:37:58');
INSERT INTO starfall.home_talk (id, user, content, date) VALUES ('HT202509151044492438xxa6', 'qwe111', '测试数据-XYLm2Le2gk', '2022-02-27 13:41:52');
INSERT INTO starfall.home_talk (id, user, content, date) VALUES ('HT202509151044492438z6rm', 'qwe111', '测试数据-pLqwPcEWtt', '2023-01-19 10:09:08');
INSERT INTO starfall.home_talk (id, user, content, date) VALUES ('HT20250915104449244829z2', 'test', '测试数据-fN0cmjwR6b', '2024-07-24 03:08:03');
INSERT INTO starfall.home_talk (id, user, content, date) VALUES ('HT20250915104449244838vx', 'test', '测试数据-e9DEhdJMQs', '2024-05-06 01:03:17');
INSERT INTO starfall.home_talk (id, user, content, date) VALUES ('HT2025091510444924483igl', 'admin', '测试数据-e5BiVDIeVy', '2022-10-29 11:27:04');
INSERT INTO starfall.home_talk (id, user, content, date) VALUES ('HT2025091510444924486jkc', 'admin', '测试数据-Lwn3mrK53j', '2023-05-22 07:04:01');
INSERT INTO starfall.home_talk (id, user, content, date) VALUES ('HT2025091510444924487627', 'admin', '测试数据-Oc99AfBpcQ', '2024-03-16 06:11:49');
INSERT INTO starfall.home_talk (id, user, content, date) VALUES ('HT2025091510444924488atq', 'admin', '测试数据-B1jdHOs9Dd', '2022-04-24 20:03:20');
INSERT INTO starfall.home_talk (id, user, content, date) VALUES ('HT202509151044492448b48g', 'qwe111', '测试数据-Nfwg7sk8kh', '2023-04-10 20:16:41');
INSERT INTO starfall.home_talk (id, user, content, date) VALUES ('HT202509151044492448bbml', 'qwe111', '测试数据-wH7T57O1ME', '2024-12-18 13:41:11');
INSERT INTO starfall.home_talk (id, user, content, date) VALUES ('HT202509151044492448cyym', 'admin', '测试数据-jakumwhTlv', '2024-05-19 09:39:11');
INSERT INTO starfall.home_talk (id, user, content, date) VALUES ('HT202509151044492448gg3f', 'qwe111', '测试数据-TtY0NbmWAv', '2022-11-05 01:57:57');
INSERT INTO starfall.home_talk (id, user, content, date) VALUES ('HT202509151044492448h5gq', 'admin', '测试数据-4rR1u7sDFa', '2024-01-06 18:12:56');
INSERT INTO starfall.home_talk (id, user, content, date) VALUES ('HT202509151044492448jjdm', 'test', '测试数据-Z48TXhygE8', '2024-09-05 04:51:16');
INSERT INTO starfall.home_talk (id, user, content, date) VALUES ('HT202509151044492448ko2i', 'test', '测试数据-Yx6YzdGilf', '2023-09-13 01:55:00');
INSERT INTO starfall.home_talk (id, user, content, date) VALUES ('HT202509151044492448nb2f', 'test', '测试数据-1tTGaGe06U', '2022-07-28 02:47:02');
INSERT INTO starfall.home_talk (id, user, content, date) VALUES ('HT202509151044492448nvqd', 'qwe111', '测试数据-CcnYcAjBGJ', '2024-10-02 06:52:50');
INSERT INTO starfall.home_talk (id, user, content, date) VALUES ('HT202509151044492448reyy', 'qwe111', '测试数据-H00i1m2qyL', '2024-05-27 14:49:27');
INSERT INTO starfall.home_talk (id, user, content, date) VALUES ('HT202509151044492448vftg', 'admin', '测试数据-x83Bd1q1yn', '2023-08-02 03:00:06');
INSERT INTO starfall.home_talk (id, user, content, date) VALUES ('HT202509151044492448w8rl', 'test', '测试数据-8iJww2v9QL', '2024-05-27 11:55:04');
INSERT INTO starfall.home_talk (id, user, content, date) VALUES ('HT202509151044492458kdrh', 'admin', '测试数据-FlWybtJPgK', '2023-12-20 15:26:16');
INSERT INTO starfall.home_talk (id, user, content, date) VALUES ('HT2025091510444924593n4k', 'test', '测试数据-85hPrGpOWE', '2023-11-07 08:10:54');
INSERT INTO starfall.home_talk (id, user, content, date) VALUES ('HT2025091510444924596zvy', 'admin', '测试数据-c1CvHA6s0B', '2024-01-08 19:04:58');
INSERT INTO starfall.home_talk (id, user, content, date) VALUES ('HT202509151044492459kldg', 'qwe111', '测试数据-5ebLv0zPEf', '2024-01-02 11:43:46');
INSERT INTO starfall.home_talk (id, user, content, date) VALUES ('HT202509151044492459r5fe', 'qwe111', '测试数据-kVAfRdi0kG', '2023-06-06 23:44:12');
INSERT INTO starfall.home_talk (id, user, content, date) VALUES ('HT202509151044492459txtg', 'test', '测试数据-0Lupm4mvMt', '2024-10-12 14:50:25');
INSERT INTO starfall.home_talk (id, user, content, date) VALUES ('HT2025091510444924648yc7', 'test', '测试数据-ZisteuNdYQ', '2023-06-07 06:16:11');
INSERT INTO starfall.home_talk (id, user, content, date) VALUES ('HT20250915104449246495wt', 'admin', '测试数据-SvfWZe4qQ1', '2023-02-06 12:55:03');
INSERT INTO starfall.home_talk (id, user, content, date) VALUES ('HT202509151044492464lf2j', 'qwe111', '测试数据-BSH4ABWVsM', '2023-11-05 12:16:21');
INSERT INTO starfall.home_talk (id, user, content, date) VALUES ('HT2026041622433237266a47', 'admin', 'adasdsadasd', '2026-04-16 00:00:00');
INSERT INTO starfall.home_talk (id, user, content, date) VALUES ('HT202604180833390565hsby', 'admin', '45646465464', '2026-04-18 08:33:39');

INSERT INTO starfall.likelog (topicId, user, status, date) VALUES ('202307032232468750kujjh7', 'admin', 1, '2026-04-17 22:16:37');
INSERT INTO starfall.likelog (topicId, user, status, date) VALUES ('202307280812568739kj87yu', 'admin', 2, '2026-04-01 23:41:21');
INSERT INTO starfall.likelog (topicId, user, status, date) VALUES ('202301251514118494a86gh7', 'admin', 1, '2026-03-01 20:47:42');
INSERT INTO starfall.likelog (topicId, user, status, date) VALUES ('20250911202702168943sbe3', 'dddddddd', 0, '2025-09-15 14:30:38');
INSERT INTO starfall.likelog (topicId, user, status, date) VALUES ('202511060043463312c2yavh', 'master', 0, '2025-11-06 00:44:01');
INSERT INTO starfall.likelog (topicId, user, status, date) VALUES ('202511061028495791ilx3qh', 'master', 1, '2025-11-06 10:30:13');
INSERT INTO starfall.likelog (topicId, user, status, date) VALUES ('202302141514118494jki876', 'admin', 2, '2026-03-29 23:16:55');
INSERT INTO starfall.likelog (topicId, user, status, date) VALUES ('202511060043463312c2yavh', 'admin', 1, '2026-04-02 23:11:47');
INSERT INTO starfall.likelog (topicId, user, status, date) VALUES ('202304092314116757ky97', 'admin', 1, '2026-04-05 22:47:46');
INSERT INTO starfall.likelog (topicId, user, status, date) VALUES ('202603161617161466869huf', 'admin', 1, '2026-04-16 22:55:04');
INSERT INTO starfall.likelog (topicId, user, status, date) VALUES ('202511041506051459xr9xhj', 'admin', 1, '2026-04-11 16:47:42');
INSERT INTO starfall.likelog (topicId, user, status, date) VALUES ('202309198512128456adqewe', 'admin', 1, '2026-04-15 23:55:18');
INSERT INTO starfall.likelog (topicId, user, status, date) VALUES ('202604180033478898buja9h', 'admin', 1, '2026-04-18 08:35:05');

INSERT INTO starfall.live_broadcast (id, user, url, operator, reason, platform, play_uuid, apply_time, status) VALUES ('', 'admin', 'ad', 'qwe111', 'asd', 'Bilibili', '', '2026-01-27 16:58:58', 1);
INSERT INTO starfall.live_broadcast (id, user, url, operator, reason, platform, play_uuid, apply_time, status) VALUES ('lvb202601212259147859e7oyn4', 'test', 'https://live.bilibili.com/545100', 'live_master', '符合', 'bilibili', '545100', '2026-01-21 22:59:14', 1);
INSERT INTO starfall.live_broadcast (id, user, url, operator, reason, platform, play_uuid, apply_time, status) VALUES ('lvb202601212308080022mbfyhq', 'test', 'https://live.bilibili.com/291873', 'live_master', '符合', 'bilibili', '291873', '2026-01-21 23:08:08', 1);
INSERT INTO starfall.live_broadcast (id, user, url, operator, reason, platform, play_uuid, apply_time, status) VALUES ('lvb202601212308213674537yr7', 'test', 'https://live.bilibili.com/407149', 'live_master', '符合', 'bilibili', '407149', '2026-01-21 23:08:21', 1);
INSERT INTO starfall.live_broadcast (id, user, url, operator, reason, platform, play_uuid, apply_time, status) VALUES ('lvb2026012123105151493o5xnb', 'test', 'https://live.bilibili.com/887004', 'live_master', '符合', 'bilibili', '887004', '2026-01-21 23:10:51', 1);
INSERT INTO starfall.live_broadcast (id, user, url, operator, reason, platform, play_uuid, apply_time, status) VALUES ('lvb202601212315115585aurrh2', 'test', 'https://live.bilibili.com/5598990', 'live_master', '符合', 'bilibili', '5598990', '2026-01-21 23:15:11', 1);
INSERT INTO starfall.live_broadcast (id, user, url, operator, reason, platform, play_uuid, apply_time, status) VALUES ('lvb202601212315320437gmgwsf', 'test', 'https://live.bilibili.com/9576151', 'live_master', '不符合该游戏直播', 'bilibili', '', '2026-01-21 23:15:32', -1);
INSERT INTO starfall.live_broadcast (id, user, url, operator, reason, platform, play_uuid, apply_time, status) VALUES ('lvb202601212316049540y8cutb', 'test', 'https://live.bilibili.com/3971693', 'live_master', '不符合该游戏直播', 'bilibili', '', '2026-01-21 23:16:04', -1);
INSERT INTO starfall.live_broadcast (id, user, url, operator, reason, platform, play_uuid, apply_time, status) VALUES ('lvb202604180833526295u6wmmo', 'admin', 'www.baidu.com', 'admin', '4646546565', 'bilibili', '512451', '2026-04-18 08:33:52', 1);

INSERT INTO starfall.medal_mapper (user, medal, gain_time, expire_time) VALUES ('admin', 'm202212111546378901q5w3', '2026-03-05 14:58:57', null);
INSERT INTO starfall.medal_mapper (user, medal, gain_time, expire_time) VALUES ('admin', 'm202212051433221234x9y2', '2026-03-04 23:46:16', null);
INSERT INTO starfall.medal_mapper (user, medal, gain_time, expire_time) VALUES ('admin', 'm202212011022334567a4c8', '2022-03-05 19:58:40', '2022-03-12 19:58:40');
INSERT INTO starfall.medal_mapper (user, medal, gain_time, expire_time) VALUES ('test', 'm202212111546378901q5w3', '2026-03-04 14:58:57', null);
INSERT INTO starfall.medal_mapper (user, medal, gain_time, expire_time) VALUES ('test', 'm202212051433221234x9y2', '2026-03-04 23:46:16', null);
INSERT INTO starfall.medal_mapper (user, medal, gain_time, expire_time) VALUES ('test', 'm202212011022334567a4c8', '2022-03-05 19:58:40', '2028-03-05 19:58:53');
INSERT INTO starfall.medal_mapper (user, medal, gain_time, expire_time) VALUES ('admin', 'm202301191654328765v6c9', '2026-03-16 17:12:45', '2099-03-16 17:12:18');
INSERT INTO starfall.medal_mapper (user, medal, gain_time, expire_time) VALUES ('admin', 'm202212251234567890o6p2', '2026-04-15 22:31:39', null);
INSERT INTO starfall.medal_mapper (user, medal, gain_time, expire_time) VALUES ('test111', 'm202212011022334567a4c8', '2026-04-16 22:19:08', '2026-04-23 22:19:08');
INSERT INTO starfall.medal_mapper (user, medal, gain_time, expire_time) VALUES ('newuser', 'm202212011022334567a4c8', '2026-04-18 03:04:48', '2026-04-25 03:04:48');

INSERT INTO starfall.medal (id, icon, name, description, source, create_time) VALUES ('m202212011022334567a4c8', '/medal/newPlayer.png', '新人驾到', '新注册用户所获得的勋章，勋章期限为7天(一周)', '注册', '2022-12-01 10:22:33');
INSERT INTO starfall.medal (id, icon, name, description, source, create_time) VALUES ('m202212051433221234x9y2', '/medal/already3year.png', '三年之久', '用户自注册以来时间长达3年之久，来自老用户的奖励', '注册时间超过3年', '2022-12-05 14:33:22');
INSERT INTO starfall.medal (id, icon, name, description, source, create_time) VALUES ('m202212111546378901q5w3', '/medal/continual30day.png', '勤恳矿工', '用户连续签到30天所获得的勋章', '连续签到30天', '2022-12-11 15:46:37');
INSERT INTO starfall.medal (id, icon, name, description, source, create_time) VALUES ('m202212180932154321t8u1', '/medal/continual365day.png', '下界合金肝', '用户连续签到365天所获得的勋章', '连续签到365天', '2022-12-18 09:32:15');
INSERT INTO starfall.medal (id, icon, name, description, source, create_time) VALUES ('m202212251234567890o6p2', '/medal/onlinePlayer.png', '正版玩家', '通过正正版验证后获得的勋章', '正版验证', '2022-12-25 12:34:56');
INSERT INTO starfall.medal (id, icon, name, description, source, create_time) VALUES ('m202301021908452345d4f7', '/medal/talkMaster.png', '鹦鹉砖家', '成为有话说板块的版主，并由玩家投票颁发', '人工颁发', '2023-01-02 19:08:45');
INSERT INTO starfall.medal (id, icon, name, description, source, create_time) VALUES ('m202301081112239876j7k3', '/medal/liveManager.png', '麦块房管', '成为直播板块的版主，并由玩家投票颁发', '人工颁发', '2023-01-08 11:12:23');
INSERT INTO starfall.medal (id, icon, name, description, source, create_time) VALUES ('m202301141324578901b1n5', '/medal/villageHero.png', '村庄英雄', '成为资源板块的版主，并由玩家投票颁发', '人工颁发', '2023-01-14 13:24:57');
INSERT INTO starfall.medal (id, icon, name, description, source, create_time) VALUES ('m202301191654328765v6c9', '/medal/admin.png', '服务猿', '成为管理员，为论坛做牛做马，无私奉献的用户（你都是管理员了，你自己给自己加）', '自个加', '2023-01-19 16:54:32');
INSERT INTO starfall.medal (id, icon, name, description, source, create_time) VALUES ('m202301221045679012p2o8', '/medal/skinCreator.png', '画像师', '创作大量优质皮肤资源，由玩家投票颁发', '人工颁发', '2023-01-22 10:45:12');
INSERT INTO starfall.medal (id, icon, name, description, source, create_time) VALUES ('m202301251234129876y3t5', '/medal/textureCreator.png', '迏纷奇', '创作大量优质材质/光影资源，由玩家投票颁发', '人工颁发', '2023-01-25 12:34:12');
INSERT INTO starfall.medal (id, icon, name, description, source, create_time) VALUES ('m202301271423458901w7q1', '/medal/modCreator.png', '程序猿', '创作大量优质模组/数据包/插件资源，由玩家投票颁发', '人工颁发', '2023-01-27 14:23:45');
INSERT INTO starfall.medal (id, icon, name, description, source, create_time) VALUES ('m202301281756329012e4r9', '/medal/mapCreator.png', '盘古开天', '创作大量优质地图资源，由玩家投票颁发', '人工颁发', '2023-01-28 17:56:32');
INSERT INTO starfall.medal (id, icon, name, description, source, create_time) VALUES ('m202301291234567890u3i6', '/medal/packCreator.png', '打包机', '创作大量优质客户端/服务端资源，由玩家投票颁发', '人工颁发', '2023-01-29 12:34:56');
INSERT INTO starfall.medal (id, icon, name, description, source, create_time) VALUES ('m202301301423451234a2s5', '/medal/translator.png', '游商', '搬运大量优质主题资源，并为资源进行详细翻译', '人工颁发', '2023-01-30 14:23:45');
INSERT INTO starfall.medal (id, icon, name, description, source, create_time) VALUES ('m202501271845673210g8h4', '/medal/2025year.png', '巳岁迎春', '2025年新春活动勋章，在2025年新春时期通过登录领取', '登录获得', '2025-01-27 18:45:21');
INSERT INTO starfall.medal (id, icon, name, description, source, create_time) VALUES ('m202602151023456789l1p7', '/medal/2026year.png', '骏行千里', '2026年新春活动勋章，在2026年新春时期通过登录领取', '登录获得', '2026-02-15 10:23:45');

INSERT INTO starfall.notice (id, content) VALUES (1, '1测试中！后台不会透露任何隐私1');
INSERT INTO starfall.notice (id, content) VALUES (2, '欢迎来到星辰倾城StarFall主页');
INSERT INTO starfall.notice (id, content) VALUES (3, '喜欢像素类游戏，不妨试试我的世界');
INSERT INTO starfall.notice (id, content) VALUES (4, '本项目仅用于本人练手，不要乱搞哦');

INSERT INTO starfall.sign_in (user, date, message, emotion) VALUES ('admin', '2024-04-04', '好', '开心');
INSERT INTO starfall.sign_in (user, date, message, emotion) VALUES ('admin', '2024-04-03', '不好', '开心');
INSERT INTO starfall.sign_in (user, date, message, emotion) VALUES ('admin', '2024-04-02', '非常不好', '郁闷');
INSERT INTO starfall.sign_in (user, date, message, emotion) VALUES ('admin', '2024-03-22', '无敌好', '伤心');
INSERT INTO starfall.sign_in (user, date, message, emotion) VALUES ('admin', '2024-04-01', '好不好我不知道', '开心');
INSERT INTO starfall.sign_in (user, date, message, emotion) VALUES ('admin', '2024-03-13', '随便', '郁闷');
INSERT INTO starfall.sign_in (user, date, message, emotion) VALUES ('admin', '2024-03-14', '得了', '伤心');
INSERT INTO starfall.sign_in (user, date, message, emotion) VALUES ('admin', '2024-03-14', 'omg', '开心');
INSERT INTO starfall.sign_in (user, date, message, emotion) VALUES ('admin', '2024-03-16', 'emotional damage', '郁闷');
INSERT INTO starfall.sign_in (user, date, message, emotion) VALUES ('admin', '2024-03-17', 'wtf', '伤心');
INSERT INTO starfall.sign_in (user, date, message, emotion) VALUES ('admin', '2024-03-18', 'wtf', '开心');
INSERT INTO starfall.sign_in (user, date, message, emotion) VALUES ('admin', '2024-03-19', '非常好', '郁闷');
INSERT INTO starfall.sign_in (user, date, message, emotion) VALUES ('admin', '2024-03-20', '无敌好', '伤心');
INSERT INTO starfall.sign_in (user, date, message, emotion) VALUES ('admin', '2024-04-12', '非常好！！！', '小丑');
INSERT INTO starfall.sign_in (user, date, message, emotion) VALUES ('test', '2024-04-13', '无事发生', '无聊');
INSERT INTO starfall.sign_in (user, date, message, emotion) VALUES ('admin', '2024-04-15', '666', '小丑');
INSERT INTO starfall.sign_in (user, date, message, emotion) VALUES ('admin', '2024-04-17', '777', '小丑');
INSERT INTO starfall.sign_in (user, date, message, emotion) VALUES ('test', '2024-04-29', '[获得70点经验] asd', '伤心');
INSERT INTO starfall.sign_in (user, date, message, emotion) VALUES ('test', '2024-05-11', '[获得114点经验] asdasdasd', '小丑');
INSERT INTO starfall.sign_in (user, date, message, emotion) VALUES ('admin', '2024-11-23', '[获得61点经验] asd', '开心');
INSERT INTO starfall.sign_in (user, date, message, emotion) VALUES ('admin', '2024-11-24', '[获得31点经验] asdasdasd', '难受');
INSERT INTO starfall.sign_in (user, date, message, emotion) VALUES ('admin', '2024-11-25', '[获得60点经验] wu', '开心');
INSERT INTO starfall.sign_in (user, date, message, emotion) VALUES ('test', '2024-12-01', '[获得25点经验] 无', '伤心');
INSERT INTO starfall.sign_in (user, date, message, emotion) VALUES ('admin', '2025-09-15', '[获得42点经验] weqweqw', '开心');
INSERT INTO starfall.sign_in (user, date, message, emotion) VALUES ('master', '2025-11-05', '[获得32点经验] happpppy', '开心');
INSERT INTO starfall.sign_in (user, date, message, emotion) VALUES ('master', '2025-11-06', '[获得58点经验] 1', '伤心');
INSERT INTO starfall.sign_in (user, date, message, emotion) VALUES ('admin', '2026-02-04', '[获得47点经验] bbbbbbb', '开心');
INSERT INTO starfall.sign_in (user, date, message, emotion) VALUES ('admin', '2026-02-05', '[获得29点经验] 哈哈哈哈哈', '开心');
INSERT INTO starfall.sign_in (user, date, message, emotion) VALUES ('admin', '2026-02-06', null, null);
INSERT INTO starfall.sign_in (user, date, message, emotion) VALUES ('admin', '2026-02-07', null, null);
INSERT INTO starfall.sign_in (user, date, message, emotion) VALUES ('admin', '2026-02-08', '[获得45点经验] 123', '困倦');
INSERT INTO starfall.sign_in (user, date, message, emotion) VALUES ('admin', '2026-02-09', null, null);
INSERT INTO starfall.sign_in (user, date, message, emotion) VALUES ('admin', '2026-02-10', null, null);
INSERT INTO starfall.sign_in (user, date, message, emotion) VALUES ('admin', '2026-02-11', null, null);
INSERT INTO starfall.sign_in (user, date, message, emotion) VALUES ('admin', '2026-02-12', null, null);
INSERT INTO starfall.sign_in (user, date, message, emotion) VALUES ('admin', '2026-02-13', null, null);
INSERT INTO starfall.sign_in (user, date, message, emotion) VALUES ('admin', '2026-02-14', '[获得47点经验] bbbbbbb', '开心');
INSERT INTO starfall.sign_in (user, date, message, emotion) VALUES ('admin', '2026-02-15', '[获得29点经验] 哈哈哈哈哈', '开心');
INSERT INTO starfall.sign_in (user, date, message, emotion) VALUES ('admin', '2026-02-16', null, null);
INSERT INTO starfall.sign_in (user, date, message, emotion) VALUES ('admin', '2026-02-17', null, null);
INSERT INTO starfall.sign_in (user, date, message, emotion) VALUES ('admin', '2026-02-18', '[获得45点经验] 123', '困倦');
INSERT INTO starfall.sign_in (user, date, message, emotion) VALUES ('admin', '2026-02-19', null, null);
INSERT INTO starfall.sign_in (user, date, message, emotion) VALUES ('admin', '2026-02-20', null, null);
INSERT INTO starfall.sign_in (user, date, message, emotion) VALUES ('admin', '2026-02-21', null, null);
INSERT INTO starfall.sign_in (user, date, message, emotion) VALUES ('admin', '2026-02-22', null, null);
INSERT INTO starfall.sign_in (user, date, message, emotion) VALUES ('admin', '2026-02-23', null, null);
INSERT INTO starfall.sign_in (user, date, message, emotion) VALUES ('admin', '2026-02-24', '[获得70点经验] asd', null);
INSERT INTO starfall.sign_in (user, date, message, emotion) VALUES ('admin', '2026-02-25', '[获得114点经验] asdasdasd', null);
INSERT INTO starfall.sign_in (user, date, message, emotion) VALUES ('admin', '2026-02-26', '[获得61点经验] asd', null);
INSERT INTO starfall.sign_in (user, date, message, emotion) VALUES ('admin', '2026-02-27', '[获得31点经验] asdasdasd', null);
INSERT INTO starfall.sign_in (user, date, message, emotion) VALUES ('admin', '2026-02-28', '[获得60点经验] wu', null);
INSERT INTO starfall.sign_in (user, date, message, emotion) VALUES ('admin', '2026-03-01', '[获得25点经验] 无', null);
INSERT INTO starfall.sign_in (user, date, message, emotion) VALUES ('admin', '2026-03-02', '[获得42点经验] weqweqw', null);
INSERT INTO starfall.sign_in (user, date, message, emotion) VALUES ('admin', '2026-03-03', '[获得32点经验] happpppy', null);
INSERT INTO starfall.sign_in (user, date, message, emotion) VALUES ('admin', '2026-02-03', '[获得70点经验] asd', null);
INSERT INTO starfall.sign_in (user, date, message, emotion) VALUES ('admin', '2026-03-04', '[获得43点经验] 12312321', '开心');
INSERT INTO starfall.sign_in (user, date, message, emotion) VALUES ('admin', '2026-03-13', '[获得43点经验] 12312321', '开心');
INSERT INTO starfall.sign_in (user, date, message, emotion) VALUES ('admin', '2026-03-05', '[获得43点经验] 12312321', '开心');
INSERT INTO starfall.sign_in (user, date, message, emotion) VALUES ('admin', '2026-03-06', '[获得43点经验] 12312321', '开心');
INSERT INTO starfall.sign_in (user, date, message, emotion) VALUES ('admin', '2026-03-07', '[获得43点经验] 12312321', '开心');
INSERT INTO starfall.sign_in (user, date, message, emotion) VALUES ('admin', '2026-03-08', '[获得43点经验] 12312321', '开心');
INSERT INTO starfall.sign_in (user, date, message, emotion) VALUES ('admin', '2026-03-29', '[获得43点经验] 12312321', '开心');
INSERT INTO starfall.sign_in (user, date, message, emotion) VALUES ('admin', '2026-03-30', '[获得43点经验] 12312321', '开心');
INSERT INTO starfall.sign_in (user, date, message, emotion) VALUES ('admin', '2026-03-31', '[获得43点经验] 12312321', '开心');
INSERT INTO starfall.sign_in (user, date, message, emotion) VALUES ('admin', '2026-04-01', '[获得43点经验] 12312321', '开心');
INSERT INTO starfall.sign_in (user, date, message, emotion) VALUES ('admin', '2026-04-02', '[获得60点经验] 353424', '伤心');
INSERT INTO starfall.sign_in (user, date, message, emotion) VALUES ('admin', '2026-04-03', '[获得47点经验] 开心', '开心');
INSERT INTO starfall.sign_in (user, date, message, emotion) VALUES ('admin', '2026-04-04', '[获得47点经验] 2123', '伤心');
INSERT INTO starfall.sign_in (user, date, message, emotion) VALUES ('admin', '2026-04-14', '[获得50点经验] 656', '伤心');
INSERT INTO starfall.sign_in (user, date, message, emotion) VALUES ('admin', '2026-04-15', '[获得31点经验] 213123', '无聊');
INSERT INTO starfall.sign_in (user, date, message, emotion) VALUES ('admin', '2026-04-16', '323', '伤心');
INSERT INTO starfall.sign_in (user, date, message, emotion) VALUES ('admin', '2026-04-17', '5555', '开心');
INSERT INTO starfall.sign_in (user, date, message, emotion) VALUES ('admin', '2026-04-13', 'dsd', '伤心');

INSERT INTO starfall.topic_file (id, user, topicId, upload_date, fileName, fileLabel, fileSize) VALUES ('tf202601072052049046wuchdc', 'admin', '202511041506051459xr9xhj', '2026-01-07 20:52:04', 'init_icon.data', '123123123', '19893');
INSERT INTO starfall.topic_file (id, user, topicId, upload_date, fileName, fileLabel, fileSize) VALUES ('tf20260127222008157534rylb', 'master', '202511052019263037mb9ozr', '2026-01-27 22:20:08', 'ComplementaryReimagin.zip', '', '446688');
INSERT INTO starfall.topic_file (id, user, topicId, upload_date, fileName, fileLabel, fileSize) VALUES ('tf2026012722201229308ebj4l', 'master', '202511052019263037mb9ozr', '2026-01-27 22:20:12', 'ComplementaryUnbound_.zip', '', '452439');
INSERT INTO starfall.topic_file (id, user, topicId, upload_date, fileName, fileLabel, fileSize) VALUES ('tf202601272220490824vbr3bv', 'master', '202511052356018586wwke4m', '2026-01-27 22:20:49', 'I18n.jar', '通用汉化模组', '45567');
INSERT INTO starfall.topic_file (id, user, topicId, upload_date, fileName, fileLabel, fileSize) VALUES ('tf202603292207383722rf58rc', 'admin', '202301251514118494a86gh7', '2026-03-29 22:07:38', '空岛配置.json', '空岛自定义配置文件', '2496');
INSERT INTO starfall.topic_file (id, user, topicId, upload_date, fileName, fileLabel, fileSize) VALUES ('tf202604012343154600gu3hf4', 'admin', '202301251514118494a86gh7', '2026-04-01 23:43:15', 'a.pdf', '', '778632');
INSERT INTO starfall.topic_file (id, user, topicId, upload_date, fileName, fileLabel, fileSize) VALUES ('tf202604052256526614u8bnvn', 'admin', '20260405225621204839wmbo', '2026-04-05 22:56:52', '简历.docx', '简历', '126111');
INSERT INTO starfall.topic_file (id, user, topicId, upload_date, fileName, fileLabel, fileSize) VALUES ('tf202604112030520574kn6itv', 'admin', '202301251514118494a86gh7', '2026-04-11 20:30:52', '水水水水水水.pdf', '', '132630');
INSERT INTO starfall.topic_file (id, user, topicId, upload_date, fileName, fileLabel, fileSize) VALUES ('tf202604152350567594dzt5t3', 'admin', '202604152349427380e585gd', '2026-04-15 23:50:56', '工作台.png', '123', '5824');
INSERT INTO starfall.topic_file (id, user, topicId, upload_date, fileName, fileLabel, fileSize) VALUES ('tf202604162253002181fttgi7', 'admin', '202511041506051459xr9xhj', '2026-04-16 22:53:00', '工作台.png', '', '5824');
INSERT INTO starfall.topic_file (id, user, topicId, upload_date, fileName, fileLabel, fileSize) VALUES ('tf2026041802310233343kmz4h', 'admin', '202604180225110204ryseuk', '2026-04-18 02:31:02', '空岛配置.json', '231', '2496');

INSERT INTO starfall.topic_gallery (id, topicId, user, path, label, upload_date) VALUES ('tg2025110400473546099fnmk9', '202301251514118494a86gh7', 'admin', 'user/admin/topic/202301251514118494a86gh7/gallery/tg2025110400473546099fnmk9.png', '', '2025-11-04 00:47:35');
INSERT INTO starfall.topic_gallery (id, topicId, user, path, label, upload_date) VALUES ('tg202511041415426334u52lvf', '202302141514118494jki876', 'admin', 'user/admin/topic/202302141514118494jki876/gallery/tg202511041415426334u52lvf.png', '', '2025-11-04 14:15:42');
INSERT INTO starfall.topic_gallery (id, topicId, user, path, label, upload_date) VALUES ('tg202511041421367463r4t7oi', '202307032232468750kujjh7', 'admin', 'user/admin/topic/202307032232468750kujjh7/gallery/tg202511041421367463r4t7oi.png', '平原', '2025-11-04 14:21:36');
INSERT INTO starfall.topic_gallery (id, topicId, user, path, label, upload_date) VALUES ('tg202511041421509297mqoexb', '202307032232468750kujjh7', 'admin', 'user/admin/topic/202307032232468750kujjh7/gallery/tg202511041421509297mqoexb.png', '雪天展示喷气机', '2025-11-04 14:21:50');
INSERT INTO starfall.topic_gallery (id, topicId, user, path, label, upload_date) VALUES ('tg202511041427058812c89q39', '202307032232468750kujjh7', 'admin', 'user/admin/topic/202307032232468750kujjh7/gallery/tg202511041427058812c89q39.png', '沙漠喷气机', '2025-11-04 14:27:05');
INSERT INTO starfall.topic_gallery (id, topicId, user, path, label, upload_date) VALUES ('tg202511041506398928oj69zo', '202511041506051459xr9xhj', 'admin', 'user/admin/topic/202511041506051459xr9xhj/gallery/tg202511041506398928oj69zo.png', '地图', '2025-11-04 15:06:39');
INSERT INTO starfall.topic_gallery (id, topicId, user, path, label, upload_date) VALUES ('tg2025110508500442523v862l', '202511050849337630sfvfti', 'master', 'user/master/topic/202511050849337630sfvfti/gallery/tg2025110508500442523v862l.png', '地图', '2025-11-05 08:50:04');
INSERT INTO starfall.topic_gallery (id, topicId, user, path, label, upload_date) VALUES ('tg202511050852301835gzj5y4', '202511050849337630sfvfti', 'master', 'user/master/topic/202511050849337630sfvfti/gallery/tg202511050852301835gzj5y4.png', 'creeper', '2025-11-05 08:52:30');
INSERT INTO starfall.topic_gallery (id, topicId, user, path, label, upload_date) VALUES ('tg202511052019436999dm8erm', '202511052019263037mb9ozr', 'master', 'user/master/topic/202511052019263037mb9ozr/gallery/tg202511052019436999dm8erm.png', '', '2025-11-05 20:19:43');
INSERT INTO starfall.topic_gallery (id, topicId, user, path, label, upload_date) VALUES ('tg202511052019484099boj4b8', '202511052019263037mb9ozr', 'master', 'user/master/topic/202511052019263037mb9ozr/gallery/tg202511052019484099boj4b8.png', '', '2025-11-05 20:19:48');
INSERT INTO starfall.topic_gallery (id, topicId, user, path, label, upload_date) VALUES ('tg202511052019576904cymom4', '202511052019263037mb9ozr', 'master', 'user/master/topic/202511052019263037mb9ozr/gallery/tg202511052019576904cymom4.png', '', '2025-11-05 20:19:57');
INSERT INTO starfall.topic_gallery (id, topicId, user, path, label, upload_date) VALUES ('tg202511052051236787eq8jvt', '202511052038094780m7bewu', 'master', 'user/master/topic/202511052038094780m7bewu/gallery/tg202511052051236787eq8jvt.png', '太空传奇皮肤包', '2025-11-05 20:51:23');
INSERT INTO starfall.topic_gallery (id, topicId, user, path, label, upload_date) VALUES ('tg202511052051417130ilvqw5', '202511052038094780m7bewu', 'master', 'user/master/topic/202511052038094780m7bewu/gallery/tg202511052051417130ilvqw5.png', 'K-Pop明星皮肤包', '2025-11-05 20:51:41');
INSERT INTO starfall.topic_gallery (id, topicId, user, path, label, upload_date) VALUES ('tg202511052051533404h3ofdh', '202511052038094780m7bewu', 'master', 'user/master/topic/202511052038094780m7bewu/gallery/tg202511052051533404h3ofdh.png', '皮肤包', '2025-11-05 20:51:53');
INSERT INTO starfall.topic_gallery (id, topicId, user, path, label, upload_date) VALUES ('tg202511060004169896ydw4eu', '202511052356018586wwke4m', 'master', 'user/master/topic/202511052356018586wwke4m/gallery/tg202511060004169896ydw4eu.png', '', '2025-11-06 00:04:16');
INSERT INTO starfall.topic_gallery (id, topicId, user, path, label, upload_date) VALUES ('tg202511060005108629km9yjk', '202511052356018586wwke4m', 'master', 'user/master/topic/202511052356018586wwke4m/gallery/tg202511060005108629km9yjk.png', '', '2025-11-06 00:05:10');
INSERT INTO starfall.topic_gallery (id, topicId, user, path, label, upload_date) VALUES ('tg202511060005543387vxsi44', '202511052356018586wwke4m', 'master', 'user/master/topic/202511052356018586wwke4m/gallery/tg202511060005543387vxsi44.png', '', '2025-11-06 00:05:54');
INSERT INTO starfall.topic_gallery (id, topicId, user, path, label, upload_date) VALUES ('tg202511060050094525ej9dg4', '202511060043463312c2yavh', 'master', 'user/master/topic/202511060043463312c2yavh/gallery/tg202511060050094525ej9dg4.png', '如何添加数据包1', '2025-11-06 00:50:09');
INSERT INTO starfall.topic_gallery (id, topicId, user, path, label, upload_date) VALUES ('tg202511060051157385z8icjh', '202511060043463312c2yavh', 'master', 'user/master/topic/202511060043463312c2yavh/gallery/tg202511060051157385z8icjh.png', '如何选择数据包2', '2025-11-06 00:51:15');
INSERT INTO starfall.topic_gallery (id, topicId, user, path, label, upload_date) VALUES ('tg202511060051391871chrtt5', '202511060043463312c2yavh', 'master', 'user/master/topic/202511060043463312c2yavh/gallery/tg202511060051391871chrtt5.png', '不支持时如何选择数据包3', '2025-11-06 00:51:39');
INSERT INTO starfall.topic_gallery (id, topicId, user, path, label, upload_date) VALUES ('tg202511060942464630n6e2id', '202511060847284890i2ry72', 'master', 'user/master/topic/202511060847284890i2ry72/gallery/tg202511060942464630n6e2id.png', '整合包示例图片', '2025-11-06 09:42:46');
INSERT INTO starfall.topic_gallery (id, topicId, user, path, label, upload_date) VALUES ('tg2025110609425643437nvheh', '202511060847284890i2ry72', 'master', 'user/master/topic/202511060847284890i2ry72/gallery/tg2025110609425643437nvheh.png', '元素觉醒', '2025-11-06 09:42:56');
INSERT INTO starfall.topic_gallery (id, topicId, user, path, label, upload_date) VALUES ('tg202511070844079744iwd3ql', '20251107083821672629qx6l', 'admin', 'user/admin/topic/20251107083821672629qx6l/gallery/tg202511070844079744iwd3ql.png', '闲聊1', '2025-11-07 08:44:07');
INSERT INTO starfall.topic_gallery (id, topicId, user, path, label, upload_date) VALUES ('tg202601071603441513uz5ymd', '202511041506051459xr9xhj', 'admin', 'user/admin/topic/202511041506051459xr9xhj/gallery/tg202601071603441513uz5ymd.png', '', '2026-01-07 16:03:44');
INSERT INTO starfall.topic_gallery (id, topicId, user, path, label, upload_date) VALUES ('tg202604052256394570fdwysr', '20260405225621204839wmbo', 'admin', 'user/admin/topic/20260405225621204839wmbo/gallery/tg202604052256394570fdwysr.png', '', '2026-04-05 22:56:39');
INSERT INTO starfall.topic_gallery (id, topicId, user, path, label, upload_date) VALUES ('tg202604152350380537frsm3b', '202604152349427380e585gd', 'admin', 'user/admin/topic/202604152349427380e585gd/gallery/tg202604152350380537frsm3b.png', '', '2026-04-15 23:50:38');
INSERT INTO starfall.topic_gallery (id, topicId, user, path, label, upload_date) VALUES ('tg202604162252482799z44fcn', '20251107083821672629qx6l', 'admin', 'user/admin/topic/20251107083821672629qx6l/gallery/tg202604162252482799z44fcn.png', '', '2026-04-16 22:52:48');
INSERT INTO starfall.topic_gallery (id, topicId, user, path, label, upload_date) VALUES ('tg202604180230527565tubuxt', '202604180225110204ryseuk', 'admin', 'user/admin/topic/202604180225110204ryseuk/gallery/tg202604180230527565tubuxt.png', '', '2026-04-18 02:30:52');

INSERT INTO starfall.topic (id, title, label, user, date, view, comment, version, refresh, display, belong, isFirstPublic) VALUES ('202301251514118494a86gh7', '[1.8.x-1.9.x][Spigot]StarFall空岛生存>巨大更新[物品扩展|粘液科技]', '服务端', 'admin', '2024-01-10', 640, 10, '1.8.x-1.9.', '2026-03-17 00:17:34', -1, 'resource', 1);
INSERT INTO starfall.topic (id, title, label, user, date, view, comment, version, refresh, display, belong, isFirstPublic) VALUES ('202302141514118494jki876', '[1.12.2-1.8][低配福利]骐的整合---纯净基础整合[持续更新]', '客户端', 'admin', '2023-07-04', 111, 8, '1.12.2-1.8', '2025-11-04 14:19:00', 0, 'resource', 1);
INSERT INTO starfall.topic (id, title, label, user, date, view, comment, version, refresh, display, belong, isFirstPublic) VALUES ('202304092314116757ky97', '[1.8.x][Spigot]星辰倾城-起床战争服务端', '服务端', 'admin', '2023-07-02', 127, 51, '1.8.x', '2026-04-05 23:40:16', 1, 'resource', 1);
INSERT INTO starfall.topic (id, title, label, user, date, view, comment, version, refresh, display, belong, isFirstPublic) VALUES ('202306021223128374u765ds', '[某某解说]我的世界|亡灵战争', '视频', 'admin', '2023-09-19', 195, 6, '1.6', '2026-03-16 17:22:40', 1, 'talk', 1);
INSERT INTO starfall.topic (id, title, label, user, date, view, comment, version, refresh, display, belong, isFirstPublic) VALUES ('202307032232468750kujjh7', '[娱乐|机制]Advanced Electricity——高科技电力[接权搬运][1.10-1.12]', '插件', 'admin', '2023-07-03', 282, 50, '1.10-1.12', '2026-03-16 17:23:02', 1, 'resource', 1);
INSERT INTO starfall.topic (id, title, label, user, date, view, comment, version, refresh, display, belong, isFirstPublic) VALUES ('202307050154114312hg67yu', '[信息]SimpleInventarEdit-语言翻译[接权搬运][1.8-1.12] ', '插件', 'test', '2023-07-05', 112, 2, '1.8-1.12', '2025-09-12 09:29:30', 1, 'resource', 1);
INSERT INTO starfall.topic (id, title, label, user, date, view, comment, version, refresh, display, belong, isFirstPublic) VALUES ('202307280812568739kj87yu', '[某某]Minecraft双人默契大挑战——解密系列', '视频', 'admin', '2023-06-14', 122, 6, '', '2026-03-16 17:23:15', 1, 'talk', 1);
INSERT INTO starfall.topic (id, title, label, user, date, view, comment, version, refresh, display, belong, isFirstPublic) VALUES ('202309161734220648k7g8m3', '[信息]BeautyIndicator——轻量级的显血插件[1.8-1.12] [接权搬运]', '插件', 'admin', '2023-09-16', 101, 3, '1.8-1.12', '2025-09-12 08:55:10', -1, 'resource', 1);
INSERT INTO starfall.topic (id, title, label, user, date, view, comment, version, refresh, display, belong, isFirstPublic) VALUES ('202309192013549547r6tfgh', '[娱乐|信息][StarMC]Powder——通过粒子来显示图像！[1.12][接权搬运]', '插件', 'test', '2023-09-19', 146, 1, '1.12', '2026-04-15 22:47:35', 1, 'resource', 1);
INSERT INTO starfall.topic (id, title, label, user, date, view, comment, version, refresh, display, belong, isFirstPublic) VALUES ('202309192322127657jghyu6', 'SkillAPI教程and案例——来自定义职业吧！', '教程', 'admin', '2023-09-19', 127, 8, '', '2026-03-16 17:23:28', 1, 'talk', 1);
INSERT INTO starfall.topic (id, title, label, user, date, view, comment, version, refresh, display, belong, isFirstPublic) VALUES ('202309198512128456adqewe', '[管理|信息][StarMC]MaintenanceMode-维护模式[接权搬运][1.8-1.12]', '插件', 'admin', '2023-09-19', 115, 4, '1.8-1.12', '2026-04-10 23:47:39', 1, 'resource', 1);
INSERT INTO starfall.topic (id, title, label, user, date, view, comment, version, refresh, display, belong, isFirstPublic) VALUES ('202511041506051459xr9xhj', '我是个材质包主题帖!!!!!123213', '材质包', 'admin', '2025-11-04', 83, 1, '1.12', '2026-04-16 22:49:41', 1, 'resource', 1);
INSERT INTO starfall.topic (id, title, label, user, date, view, comment, version, refresh, display, belong, isFirstPublic) VALUES ('202511050849337630sfvfti', '我是个地图主题帖', '地图', 'master', '2025-11-05', 4, 0, '1.18', '2025-11-05 08:52:51', 1, 'resource', 1);
INSERT INTO starfall.topic (id, title, label, user, date, view, comment, version, refresh, display, belong, isFirstPublic) VALUES ('202511052019263037mb9ozr', '我是个光影主题帖', '光影', 'master', '2025-11-05', 12, 0, '1.1-1.21.x', '2025-11-05 20:28:50', 1, 'resource', 1);
INSERT INTO starfall.topic (id, title, label, user, date, view, comment, version, refresh, display, belong, isFirstPublic) VALUES ('202511052038094780m7bewu', '我是个皮肤主题帖', '皮肤', 'master', '2025-11-05', 24, 0, '全版本', '2025-11-05 20:54:42', 1, 'resource', 1);
INSERT INTO starfall.topic (id, title, label, user, date, view, comment, version, refresh, display, belong, isFirstPublic) VALUES ('202511052356018586wwke4m', '我是一个模组主题帖', '模组', 'master', '2025-11-06', 11, 0, '1.7.10-1.12.x', '2025-11-06 00:20:55', 1, 'resource', 1);
INSERT INTO starfall.topic (id, title, label, user, date, view, comment, version, refresh, display, belong, isFirstPublic) VALUES ('202511060043463312c2yavh', '我是个数据包主题', '数据包', 'master', '2025-11-06', 16, 0, '1.13+', '2026-03-18 21:04:45', 1, 'resource', 1);
INSERT INTO starfall.topic (id, title, label, user, date, view, comment, version, refresh, display, belong, isFirstPublic) VALUES ('202511060847284890i2ry72', '我是个客户端主题帖333', '客户端', 'master', '2025-11-06', 10, 0, '1.12', '2026-04-18 00:40:14', 1, 'resource', 1);
INSERT INTO starfall.topic (id, title, label, user, date, view, comment, version, refresh, display, belong, isFirstPublic) VALUES ('20251107083821672629qx6l', '我是个闲聊主题帖', '问答', 'admin', '2025-11-07', 21, 0, '', '2026-04-11 02:02:42', 1, 'talk', 1);
INSERT INTO starfall.topic (id, title, label, user, date, view, comment, version, refresh, display, belong, isFirstPublic) VALUES ('202603161617161466869huf', '论坛编辑器教程-Markdown 基础语法', '教程', 'admin', '2026-04-05', 10, 0, '', '2026-04-12 18:27:34', 1, 'talk', 1);
INSERT INTO starfall.topic (id, title, label, user, date, view, comment, version, refresh, display, belong, isFirstPublic) VALUES ('202604180024045702t8mm5t', '[1.7.2-1.10|暮色森林|龙与远征|宠物插件|日均在线200+]CasualCraft多人公益服务器', '服务端', 'admin', '2026-04-18', 1, 0, '1.7.2-1.10', '2026-04-18 00:25:02', -1, 'resource', 1);
INSERT INTO starfall.topic (id, title, label, user, date, view, comment, version, refresh, display, belong, isFirstPublic) VALUES ('202604180033478898buja9h', '[1.20.X|暗黑冒险|维度探索|Boss集群|无冗余] 暗影征程 冒险整合包宣传', '客户端', 'admin', '2026-04-18', 4, 1, '1.20.X', '2026-04-18 08:35:25', 1, 'resource', 1);
INSERT INTO starfall.topic (id, title, label, user, date, view, comment, version, refresh, display, belong, isFirstPublic) VALUES ('202604180225110204ryseuk', '新主题，模组！！！！！', '模组', 'admin', '2026-04-18', 1, 0, '1.9-.1.16', '2026-04-18 02:25:11', 1, 'resource', 1);

INSERT INTO starfall.topicitem (topicId, topicTitle, enTitle, source, author, language, address, download, content) VALUES ('202301251514118494a86gh7', 'StarFall空岛生存', 'StarFall-Skyblock', '原创', 'TuringICE', '简体中文', 'https://www.mcbbs.net/thread-792740-1-1.html', 'http://某.盘.com', 'user/admin/topic/202301251514118494a86gh7/202301251514118494a86gh7.md');
INSERT INTO starfall.topicitem (topicId, topicTitle, enTitle, source, author, language, address, download, content) VALUES ('202302141514118494jki876', '骐的整合', 'Integration of Qi', '原创', '作者', '简体中文', 'https://www.mcbbs.net/thread-1126142-1-1.html', 'https://www.mcbbs.net/thread-1126142-1-1.html', 'user/admin/topic/202302141514118494jki876/202302141514118494jki876.md');
INSERT INTO starfall.topicitem (topicId, topicTitle, enTitle, source, author, language, address, download, content) VALUES ('202304092314116757ky97', '星辰倾城-起床战争服务端', 'StarFall-BedWard', '原创', '作者', '简体中文', 'https://www.mcbbs.net/thread-773917-1-1.html', 'http://www.本贴.com', 'user/admin/topic/202304092314116757ky97/202304092314116757ky97.md');
INSERT INTO starfall.topicitem (topicId, topicTitle, enTitle, source, author, language, address, download, content) VALUES ('202306021223128374u765ds', '我的世界|亡灵战争', 'Minecraft|War of the Undead', '原创', 'TuringICE', '简体中文', 'https://www.mcbbs.net/thread-878770-1-1.html', 'https://www.mcbbs.net/thread-878770-1-1.html', 'user/admin/topic/202306021223128374u765ds/202306021223128374u765ds.md');
INSERT INTO starfall.topicitem (topicId, topicTitle, enTitle, source, author, language, address, download, content) VALUES ('202307280812568739kj87yu', '双人默契大挑战', 'The Great Challenge of Mutual Understanding', '原创', '作者', '简体中文', 'https://www.mcbbs.net/thread-812503-1-1.html', 'https://www.mcbbs.net/thread-812503-1-1.html', 'user/admin/topic/202307280812568739kj87yu/202307280812568739kj87yu.md');
INSERT INTO starfall.topicitem (topicId, topicTitle, enTitle, source, author, language, address, download, content) VALUES ('202309161734220648k7g8m3', '轻量级的显血', 'BeautyIndicator', '搬运', 'haelexuis', '简体中文|English', 'https://www.spigotmc.org/resources/beautyindicator-entity-health-in-combat.57546/', 'https://www.spigotmc.org/resources/beautyindicator-entity-health-in-combat.57546/download?version=225018/SupportTheAuthor', 'user/admin/topic/202309161734220648k7g8m3/202309161734220648k7g8m3.md');
INSERT INTO starfall.topicitem (topicId, topicTitle, enTitle, source, author, language, address, download, content) VALUES ('202309192013549547r6tfgh', '粒子图像', 'Powder', '搬运', 'StupidDr', '简体中文|English', 'https://www.spigotmc.org/resources/powder.57227/', 'https://www.spigotmc.org/resources/powder.57227/download?version=224643', 'user/test/topic/202309192013549547r6tfgh/202309192013549547r6tfgh.md');
INSERT INTO starfall.topicitem (topicId, topicTitle, enTitle, source, author, language, address, download, content) VALUES ('202309192322127657jghyu6', 'SkillAPI教程and案例——来自定义职业吧！', 'SkillAPI Tutorial and Case Study - Customize Your Career!', '原创', 'TuringICE', '简体中文', 'https://www.mcbbs.net/thread-809466-1-1.html', 'https://www.mcbbs.net/thread-809466-1-1.html', 'user/admin/topic/202309192322127657jghyu6/202309192322127657jghyu6.md');
INSERT INTO starfall.topicitem (topicId, topicTitle, enTitle, source, author, language, address, download, content) VALUES ('202307032232468750kujjh7', '高科技电力', 'Advanced Electricity', '搬运', '作者', '简体中文|English', 'https://www.spigotmc.org/resources/advanced-electricity.56514/', 'https://www.spigotmc.org/resources/advanced-electricity.56514/download?version=221252', 'user/admin/topic/202307032232468750kujjh7/202307032232468750kujjh7.md');
INSERT INTO starfall.topicitem (topicId, topicTitle, enTitle, source, author, language, address, download, content) VALUES ('202309198512128456adqewe', '维护模式', 'MaintenanceMode', '搬运', 'kennytv', '简体中文|English', 'https://www.spigotmc.org/resources/maintenancemode-bungee-and-spigot-support.40699/', 'https://www.spigotmc.org/resources/maintenancemode-bungee-and-spigot-support.40699/download?version=217708', 'user/admin/topic/202309198512128456adqewe/202309198512128456adqewe.md');
INSERT INTO starfall.topicitem (topicId, topicTitle, enTitle, source, author, language, address, download, content) VALUES ('202307050154114312hg67yu', '语言翻译', 'SimpleInventarEdit', '搬运', '作者', '简体中文|English', 'https://www.spigotmc.org/resources/simpleinventaredit-1-20-1-21-x.128058/', 'https://www.spigotmc.org/resources/simpleinventaredit-1-20-1-21-x.128058/', 'user/test/topic/202307050154114312hg67yu/202307050154114312hg67yu.md');
INSERT INTO starfall.topicitem (topicId, topicTitle, enTitle, source, author, language, address, download, content) VALUES ('202511041506051459xr9xhj', '材质包!!333', 'texture', '转载', '', '中文', '这里', '这里', 'user/admin/topic/202511041506051459xr9xhj/202511041506051459xr9xhj.md');
INSERT INTO starfall.topicitem (topicId, topicTitle, enTitle, source, author, language, address, download, content) VALUES ('202511050849337630sfvfti', '地图', '', '原创', '', '中文英文', '', '', 'user/master/topic/202511050849337630sfvfti/202511050849337630sfvfti.md');
INSERT INTO starfall.topicitem (topicId, topicTitle, enTitle, source, author, language, address, download, content) VALUES ('202511052019263037mb9ozr', '光影', 'shadowpack', '转载', '', '中文', 'http://www.minecraftxz.com/best-shaders-7/', 'http://www.minecraftxz.com/best-shaders-7/', 'user/master/topic/202511052019263037mb9ozr/202511052019263037mb9ozr.md');
INSERT INTO starfall.topicitem (topicId, topicTitle, enTitle, source, author, language, address, download, content) VALUES ('202511052038094780m7bewu', '皮肤', 'skin', '转载', '', '', '', '', 'user/master/topic/202511052038094780m7bewu/202511052038094780m7bewu.md');
INSERT INTO starfall.topicitem (topicId, topicTitle, enTitle, source, author, language, address, download, content) VALUES ('202511052356018586wwke4m', '模组', 'mod', '转载', '', '中文|英文', '', '', 'user/master/topic/202511052356018586wwke4m/202511052356018586wwke4m.md');
INSERT INTO starfall.topicitem (topicId, topicTitle, enTitle, source, author, language, address, download, content) VALUES ('202511060043463312c2yavh', '数据包', 'DataPack', '转载', '', '中文|英文', 'https://zh.minecraft.wiki/w/%E6%95%B0%E6%8D%AE%E5%8C%85', 'https://zh.minecraft.wiki/w/%E6%95%B0%E6%8D%AE%E5%8C%85', 'user/master/topic/202511060043463312c2yavh/202511060043463312c2yavh.md');
INSERT INTO starfall.topicitem (topicId, topicTitle, enTitle, source, author, language, address, download, content) VALUES ('202511060847284890i2ry72', '客户端33', 'client33', '原创', '', '中文 | 英文333', 'd', 'd', 'user/master/topic/202511060847284890i2ry72/202511060847284890i2ry72.md');
INSERT INTO starfall.topicitem (topicId, topicTitle, enTitle, source, author, language, address, download, content) VALUES ('20251107083821672629qx6l', '闲聊', 'chat&chat', '原创', '', '', '', '', 'user/admin/topic/20251107083821672629qx6l/20251107083821672629qx6l.md');
INSERT INTO starfall.topicitem (topicId, topicTitle, enTitle, source, author, language, address, download, content) VALUES ('202603161617161466869huf', 'Markdown基础语法', '', '原创', '', '', '', '', 'user/admin/topic/202603161617161466869huf/202603161617161466869huf.md');
INSERT INTO starfall.topicitem (topicId, topicTitle, enTitle, source, author, language, address, download, content) VALUES ('202604180024045702t8mm5t', '[1.7.2-1.10|暮色森林|龙与远征|宠物插件|日均在线200+]***CasualCraft*多人公益服务器宣传**', 'CasualCraft Service', '原创', 'Administrator', '简体中文', '无', 'pan.baidu.share/s/10086', 'user/admin/topic/202604180024045702t8mm5t/202604180024045702t8mm5t.md');
INSERT INTO starfall.topicitem (topicId, topicTitle, enTitle, source, author, language, address, download, content) VALUES ('202604180033478898buja9h', '[1.20.X|暗黑冒险|维度探索|Boss集群|无冗余] 暗影征程 冒险整合包宣传', ' Shadow Journey', '转载', 'MC Studio', '中文', '无', '', 'user/admin/topic/202604180033478898buja9h/202604180033478898buja9h.md');
INSERT INTO starfall.topicitem (topicId, topicTitle, enTitle, source, author, language, address, download, content) VALUES ('202604180225110204ryseuk', '魔族魔族', 'ddddddddd', '原创', 'aaa', 'english', 'www.baidu,com', 'www.baidu,com', 'user/admin/topic/202604180225110204ryseuk/202604180225110204ryseuk.md');

INSERT INTO starfall.user_notice (id, user, create_time, title, type, status, action) VALUES ('3', 'admin', '2026-02-12 21:06:38', 'test', 'live', 1, '{"id": "1", "url": "https://live.bilibili.com/5598990", "reason": "通过", "status": 1, "operator": "admin"}');
INSERT INTO starfall.user_notice (id, user, create_time, title, type, status, action) VALUES ('5', null, '2025-02-12 21:08:09', '马年快乐', 'all', 0, '{"id": "123", "img": "http://localhost:8212/src/assets/img/medal/2026year.png", "content": "新年好！祝大家马年大吉，新春快乐，参与活动可获得丰富奖品！", "subContent": "马年快乐！参与活动可获得丰富奖品哦！"}');
INSERT INTO starfall.user_notice (id, user, create_time, title, type, status, action) VALUES ('un2026022122221297587vxhnz', 'admin', '2024-02-21 22:22:12', '主题状态更新', 'topic', 1, '{"id": "20251107083821672629qx6l", "title": "我是个闲聊主题帖", "reason": "太捞了，赶紧改进", "status": -1, "operator": "test"}');
INSERT INTO starfall.user_notice (id, user, create_time, title, type, status, action) VALUES ('un2026022218092487829bc9lb', 'admin', '2026-02-22 18:09:24', '新的好友申请', 'friend', 1, '{"id": "fa202602221809248767c3b7bh", "name": "测试账号", "user": "test", "avatar": "user/test/avatar/2025091316315688504eo27j.png", "reason": "没有任何理由啦！！！！！", "status": -1, "handled": true}');
INSERT INTO starfall.user_notice (id, user, create_time, title, type, status, action) VALUES ('un202602221809257509be2kmw', 'test', '2026-02-22 18:09:25', '拒绝添加好友', 'friend', 1, '{"user": "admin", "status": -1}');
INSERT INTO starfall.user_notice (id, user, create_time, title, type, status, action) VALUES ('un2026022218093719964jtzcm', 'admin', '2026-02-22 18:09:37', '新的好友申请', 'friend', 1, '{"id": "fa202602221809371980ya4lb6", "name": "测试账号", "user": "test", "avatar": "user/test/avatar/2025091316315688504eo27j.png", "reason": "没有任何理由啦！！！！！", "status": 1, "handled": true}');
INSERT INTO starfall.user_notice (id, user, create_time, title, type, status, action) VALUES ('un202602221809381753khn7ck', 'test', '2026-02-22 18:09:38', '新好友', 'friend', 1, '{"user": "admin", "status": 1}');
INSERT INTO starfall.user_notice (id, user, create_time, title, type, status, action) VALUES ('un202602222022293084r5zg7d', 'admin', '2026-02-22 20:22:29', '帖子状态有更新', 'topic', 1, '{"id": "202301251514118494a86gh7", "title": "[1.8.x-1.9.x][Spigot]StarFall空岛生存>巨大更新[物品扩展|粘液科技]", "handle": true, "reason": "12312312", "status": -1, "operator": "admin"}');
INSERT INTO starfall.user_notice (id, user, create_time, title, type, status, action) VALUES ('un202602252207589013jqvxwj', 'qwe111', '2026-02-25 22:07:58', '新的好友申请', 'friend', 1, '{"id": "fa202602252207588972x8thwq", "name": "管|理", "user": "admin", "avatar": "default.png", "reason": "1232132", "status": -1, "handled": true}');
INSERT INTO starfall.user_notice (id, user, create_time, title, type, status, action) VALUES ('un202602252217063074nz38n7', 'admin', '2026-02-25 22:17:06', '拒绝添加好友', 'friend', 1, '{"user": "qwe111", "status": -1}');
INSERT INTO starfall.user_notice (id, user, create_time, title, type, status, action) VALUES ('un202602252219397426a5bbjb', 'qwe111', '2026-02-25 22:19:39', '新的好友申请', 'friend', 1, '{"id": "fa202602252219397411t2vmbv", "name": "管|理", "user": "admin", "avatar": "default.png", "reason": "通过一下吧，不通过把你从数据库删了", "status": 1, "handled": true}');
INSERT INTO starfall.user_notice (id, user, create_time, title, type, status, action) VALUES ('un202602261623286819kiavow', 'master', '2026-02-26 16:23:28', '新的好友申请', 'friend', 1, '{"id": "fa2026022616232867939lwb5g", "name": "管|理", "user": "admin", "avatar": "default.png", "reason": "44444", "status": 0, "handled": false}');
INSERT INTO starfall.user_notice (id, user, create_time, title, type, status, action) VALUES ('un202603041458577827e4585f', 'admin', '2026-03-04 14:58:57', '恭喜获得 勤恳矿工', 'msg', 1, '{"id": "m202212111546378901q5w3", "icon": "/medal/continual30day.png", "medal": "勤恳矿工", "gainTime": "2026-03-04 14:58:57", "description": "用户连续签到30天所获得的勋章"}');
INSERT INTO starfall.user_notice (id, user, create_time, title, type, status, action) VALUES ('un202603151342300204verfyo', 'admin', '2026-03-15 13:42:30', '恭喜获得 三年之久', 'msg', 1, '{"id": "m202212051433221234x9y2", "icon": "/medal/already3year.png", "medal": "三年之久", "gainTime": "2026-03-15 13:42:30", "description": "用户自注册以来时间长达3年之久，来自老用户的奖励"}');
INSERT INTO starfall.user_notice (id, user, create_time, title, type, status, action) VALUES ('un202603162253066983vwfblf', 'admin', '2026-03-16 22:53:06', '主题帖已修改通知', 'topic', 1, '{"id": "202301251514118494a86gh7", "title": "[1.8.x-1.9.x][Spigot]StarFall空岛生存>巨大更新[物品扩展|粘液科技]", "handle": true, "status": 0}');
INSERT INTO starfall.user_notice (id, user, create_time, title, type, status, action) VALUES ('un202603170017154572inmj4l', 'admin', '2026-03-17 00:17:15', '帖子状态有更新', 'topic', 1, '{"id": "202301251514118494a86gh7", "title": "[1.8.x-1.9.x][Spigot]StarFall空岛生存>巨大更新[物品扩展|粘液科技]", "handle": false, "reason": "需要再次整改", "status": -1, "operator": "admin"}');
INSERT INTO starfall.user_notice (id, user, create_time, title, type, status, action) VALUES ('un2026031816374198423dia4x', 'admin', '2026-03-18 16:37:41', '恭喜获得 正版玩家', 'msg', 1, '{"id": "m202212251234567890o6p2", "icon": "/medal/onlinePlayer.png", "medal": "正版玩家", "gainTime": "2026-03-18 16:37:41", "description": "通过正正版验证后获得的勋章"}');
INSERT INTO starfall.user_notice (id, user, create_time, title, type, status, action) VALUES ('un202603181656285019fu263d', 'admin', '2026-03-18 16:56:28', '恭喜获得 正版玩家', 'msg', 1, '{"id": "m202212251234567890o6p2", "icon": "/medal/onlinePlayer.png", "medal": "正版玩家", "gainTime": "2026-03-18 16:56:28", "description": "通过正正版验证后获得的勋章"}');
INSERT INTO starfall.user_notice (id, user, create_time, title, type, status, action) VALUES ('un2026040523450907128k238r', 'admin', '2026-04-05 23:45:09', '帖子状态有更新', 'topic', 1, '{"id": "202309198512128456adqewe", "title": "[管理|信息][StarMC]MaintenanceMode-维护模式[接权搬运][1.8-1.12]", "handle": true, "reason": "123", "status": -1, "operator": "admin"}');
INSERT INTO starfall.user_notice (id, user, create_time, title, type, status, action) VALUES ('un202604102343030300c59tbq', 'admin', '2026-04-10 23:43:03', '帖子状态有更新', 'topic', 1, '{"id": "202603161617161466869huf", "title": "论坛编辑器教程-Markdown基础语法", "handle": true, "reason": "123", "status": -1, "operator": "admin"}');
INSERT INTO starfall.user_notice (id, user, create_time, title, type, status, action) VALUES ('un20260410234404905727n7e4', 'admin', '2026-04-10 23:44:04', '直播申请不通过', 'live', 1, '{"id": "lvb202604102343544158iw4dv4", "url": "http://baidu.com", "reason": "不是直播", "status": false, "operator": "admin"}');
INSERT INTO starfall.user_notice (id, user, create_time, title, type, status, action) VALUES ('un202604102347463543eo59yv', 'admin', '2026-04-10 23:47:46', '主题帖已修改通知', 'topic', 1, '{"id": "202309198512128456adqewe", "title": "[管理|信息][StarMC]MaintenanceMode-维护模式[接权搬运][1.8-1.12]", "handle": true, "status": 0}');
INSERT INTO starfall.user_notice (id, user, create_time, title, type, status, action) VALUES ('un202604102348118629kvizdm', 'admin', '2026-04-10 23:48:11', '主题帖已修改通知', 'topic', 1, '{"id": "202603161617161466869huf", "title": "论坛编辑器教程-Markdown基础语法", "handle": true, "status": 0}');
INSERT INTO starfall.user_notice (id, user, create_time, title, type, status, action) VALUES ('un202604102352541340s6bmt5', 'admin', '2026-04-10 23:52:54', '帖子状态有更新', 'topic', 1, '{"id": "202309198512128456adqewe", "title": "[管理|信息][StarMC]MaintenanceMode-维护模式[接权搬运][1.8-1.12]", "handle": false, "reason": "", "status": 1, "operator": "admin"}');
INSERT INTO starfall.user_notice (id, user, create_time, title, type, status, action) VALUES ('un20260411003508084385ssob', 'admin', '2026-04-11 00:35:08', '帖子状态有更新', 'topic', 1, '{"id": "202603161617161466869huf", "title": "论坛编辑器教程-Markdown基础语法", "handle": false, "reason": "", "status": 1, "operator": "admin"}');
INSERT INTO starfall.user_notice (id, user, create_time, title, type, status, action) VALUES ('un202604110050161655l4gk6k', 'admin', '2026-04-11 00:50:16', '帖子状态有更新', 'topic', 1, '{"id": "202603161617161466869huf", "title": "论坛编辑器教程-Markdown基础语法", "handle": false, "reason": "", "status": 1, "operator": "admin"}');
INSERT INTO starfall.user_notice (id, user, create_time, title, type, status, action) VALUES ('un20260411005408200549xby4', 'admin', '2026-04-11 00:54:08', '恭喜获得 正版玩家', 'msg', 1, '{"id": "m202212251234567890o6p2", "icon": "/medal/onlinePlayer.png", "medal": "正版玩家", "gainTime": "2026-04-11 00:54:08", "description": "通过正正版验证后获得的勋章"}');
INSERT INTO starfall.user_notice (id, user, create_time, title, type, status, action) VALUES ('un2026041522132783424ol5z8', 'admin', '2026-04-15 22:13:27', '直播申请不通过', 'live', 1, '{"id": "lvb202604152213086345wzqd2i", "url": "https://live.bilibili.com/5598", "reason": "weqweqwewq", "status": false, "operator": "admin"}');
INSERT INTO starfall.user_notice (id, user, create_time, title, type, status, action) VALUES ('un2026041522184839797g7f3q', 'admin', '2026-04-15 22:18:48', '直播申请已通过', 'live', 1, '{"id": "lvb202604152218344536javr6d", "url": "https://live.bilibili.com/5598", "reason": "啊实打实大苏打撒旦", "status": true, "operator": "admin"}');
INSERT INTO starfall.user_notice (id, user, create_time, title, type, status, action) VALUES ('un202604152231395737wdfeib', 'admin', '2026-04-15 22:31:39', '恭喜获得 正版玩家', 'msg', 1, '{"id": "m202212251234567890o6p2", "icon": "/medal/onlinePlayer.png", "medal": "正版玩家", "gainTime": "2026-04-15 22:31:39", "description": "通过正正版验证后获得的勋章"}');
INSERT INTO starfall.user_notice (id, user, create_time, title, type, status, action) VALUES ('un202604152247162708g64m28', 'test', '2026-04-15 22:47:16', '帖子状态有更新', 'topic', 1, '{"id": "202309192013549547r6tfgh", "title": "[娱乐|信息][StarMC]Powder——通过粒子来显示图像！[1.12][接权搬运]", "handle": true, "reason": "12341231", "status": -1, "operator": "admin"}');
INSERT INTO starfall.user_notice (id, user, create_time, title, type, status, action) VALUES ('un202604152323154872w4wz3l', 'test', '2026-04-15 23:23:15', '失去了一个好友', 'friend', 1, '{"name": "管理员123", "user": "admin", "delete": true, "deleteAllMsg": true}');
INSERT INTO starfall.user_notice (id, user, create_time, title, type, status, action) VALUES ('un202604152323249199i36ru4', 'test', '2026-04-15 23:23:24', '新的好友申请', 'friend', 1, '{"id": "fa202604152323249184hrnu2g", "name": "管理员123", "user": "admin", "avatar": "user/admin/avatar/202604152230163443j9yt5l.png", "reason": "12312312", "status": -1, "handled": true}');
INSERT INTO starfall.user_notice (id, user, create_time, title, type, status, action) VALUES ('un202604152323365150ojcrjn', 'admin', '2026-04-15 23:23:36', '拒绝添加好友', 'friend', 1, '{"user": "test", "status": -1}');
INSERT INTO starfall.user_notice (id, user, create_time, title, type, status, action) VALUES ('un202604152323392662863k2s', 'test', '2026-04-15 23:23:39', '新的好友申请', 'friend', 1, '{"id": "fa202604152323392635934czq", "name": "管理员123", "user": "admin", "avatar": "user/admin/avatar/202604152230163443j9yt5l.png", "reason": "eqeqw", "status": 1, "handled": true}');
INSERT INTO starfall.user_notice (id, user, create_time, title, type, status, action) VALUES ('un202604152323417862hd7yn3', 'admin', '2026-04-15 23:23:41', '新好友', 'friend', 1, '{"user": "test", "status": 1}');
INSERT INTO starfall.user_notice (id, user, create_time, title, type, status, action) VALUES ('un202604152330496575qiw438', 'admin', '2026-04-15 23:30:49', '主题帖已修改通知', 'topic', 1, '{"id": "202309192013549547r6tfgh", "title": "[娱乐|信息][StarMC]Powder——通过粒子来显示图像！[1.12][接权搬运]", "handle": true, "status": 0}');
INSERT INTO starfall.user_notice (id, user, create_time, title, type, status, action) VALUES ('un202604152336242991sgdal8', 'test', '2026-04-15 23:36:24', '帖子状态有更新', 'topic', 1, '{"id": "202309192013549547r6tfgh", "title": "[娱乐|信息][StarMC]Powder——通过粒子来显示图像！[1.12][接权搬运]", "handle": false, "reason": "", "status": 1, "operator": "admin"}');
INSERT INTO starfall.user_notice (id, user, create_time, title, type, status, action) VALUES ('un2026041622190885932vt2iz', 'test111', '2026-04-16 22:19:08', '恭喜获得 新人驾到', 'msg', 1, '{"id": "m202212011022334567a4c8", "icon": "/medal/newPlayer.png", "medal": "新人驾到", "gainTime": "2026-04-16 22:19:08", "expireTime": "2026-04-23 22:19:08", "description": "新注册用户所获得的勋章，勋章期限为7天(一周)"}');
INSERT INTO starfall.user_notice (id, user, create_time, title, type, status, action) VALUES ('un202604162256410904rorx3g', '', '2026-04-15 00:00:00', '恭喜获得(勋章名称)', 'msg', 0, '{"id": "3123123", "icon": "勋章图标", "medal": "勋章名称", "gainTime": "", "expireTime": "", "description": "勋章描述"}');
INSERT INTO starfall.user_notice (id, user, create_time, title, type, status, action) VALUES ('un202604162309155393gkdaav', 'test', '2026-04-16 15:09:12', '帖子状态有更新', 'topic', 1, '{"id": "帖子ID", "title": "帖子标题", "reason": "原因", "status": 0, "operator": "操作用户"}');
INSERT INTO starfall.user_notice (id, user, create_time, title, type, status, action) VALUES ('un202604162309202650ht4ntv', 'test', '2026-04-16 15:09:17', '帖子状态有更新', 'topic', 1, '{"id": "帖子ID", "title": "帖子标题", "reason": "原因", "status": 0, "operator": "操作用户"}');
INSERT INTO starfall.user_notice (id, user, create_time, title, type, status, action) VALUES ('un202604172349030049qxfzgv', 'admin', '2026-04-17 23:49:03', '直播申请不通过', 'live', 1, '{"id": "lvb202604172348266018wfu3ws", "url": "www.baidu,com", "reason": "qwe", "status": false, "operator": "admin"}');
INSERT INTO starfall.user_notice (id, user, create_time, title, type, status, action) VALUES ('un20260417235436421874anvt', 'test', '2026-04-17 23:54:36', '直播申请不通过', 'live', 0, '{"id": "lvb202604172354230401tqm2g7", "url": "www.baidu.com", "reason": "qweqweqwe", "status": false, "operator": "admin"}');
INSERT INTO starfall.user_notice (id, user, create_time, title, type, status, action) VALUES ('un202604172355191825nirra2', 'master', '2026-04-17 23:55:19', '帖子状态有更新', 'topic', 1, '{"id": "202511060847284890i2ry72", "title": "我是个客户端主题帖333", "handle": true, "reason": "1233213", "status": -1, "operator": "admin"}');
INSERT INTO starfall.user_notice (id, user, create_time, title, type, status, action) VALUES ('un202604180025279432mvsaah', 'admin', '2026-04-18 00:25:27', '帖子状态有更新', 'topic', 1, '{"id": "202604180024045702t8mm5t", "title": "[1.7.2-1.10|暮色森林|龙与远征|宠物插件|日均在线200+]CasualCraft多人公益服务器", "handle": true, "reason": "服务器版本不实", "status": -1, "operator": "admin"}');
INSERT INTO starfall.user_notice (id, user, create_time, title, type, status, action) VALUES ('un20260418003556885829w7nh', 'admin', '2026-04-18 00:35:56', '主题帖已修改通知', 'topic', 1, '{"id": "202604180024045702t8mm5t", "title": "[1.7.2-1.10|暮色森林|龙与远征|宠物插件|日均在线200+]CasualCraft多人公益服务器", "handle": false, "status": 0}');
INSERT INTO starfall.user_notice (id, user, create_time, title, type, status, action) VALUES ('un202604180038499664ku99k9', 'admin', '2026-04-18 00:38:49', '帖子状态有更新', 'topic', 1, '{"id": "202604180033478898buja9h", "title": "[1.20.X|暗黑冒险|维度探索|Boss集群|无冗余] 暗影征程 冒险整合包宣传", "handle": true, "reason": "44444", "status": -1, "operator": "master"}');
INSERT INTO starfall.user_notice (id, user, create_time, title, type, status, action) VALUES ('un202604180040180669dhqbsq', 'admin', '2026-04-18 00:40:18', '主题帖已修改通知', 'topic', 1, '{"id": "202511060847284890i2ry72", "title": "我是个客户端主题帖333", "handle": true, "status": 0}');
INSERT INTO starfall.user_notice (id, user, create_time, title, type, status, action) VALUES ('un202604180043264405ggbij9', 'master', '2026-04-18 00:43:26', '主题帖已修改通知', 'topic', 1, '{"id": "202604180033478898buja9h", "title": "[1.20.X|暗黑冒险|维度探索|Boss集群|无冗余] 暗影征程 冒险整合包宣传", "handle": true, "status": 0}');
INSERT INTO starfall.user_notice (id, user, create_time, title, type, status, action) VALUES ('un2026041800442617638oqmba', 'master', '2026-04-18 00:44:26', '帖子状态有更新', 'topic', 1, '{"id": "202511060847284890i2ry72", "title": "我是个客户端主题帖333", "handle": false, "reason": "", "status": 1, "operator": "admin"}');
INSERT INTO starfall.user_notice (id, user, create_time, title, type, status, action) VALUES ('un2026041800443139972y9reg', 'admin', '2026-04-18 00:44:31', '帖子状态有更新', 'topic', 1, '{"id": "202604180033478898buja9h", "title": "[1.20.X|暗黑冒险|维度探索|Boss集群|无冗余] 暗影征程 冒险整合包宣传", "handle": true, "reason": "4444", "status": -1, "operator": "master"}');
INSERT INTO starfall.user_notice (id, user, create_time, title, type, status, action) VALUES ('un202604180044327286na87i6', 'master', '2026-04-18 00:44:32', '主题帖已修改通知', 'topic', 1, '{"id": "202604180033478898buja9h", "title": "[1.20.X|暗黑冒险|维度探索|Boss集群|无冗余] 暗影征程 冒险整合包宣传", "handle": true, "status": 0}');
INSERT INTO starfall.user_notice (id, user, create_time, title, type, status, action) VALUES ('un202604180044365848rzkhbk', 'admin', '2026-04-18 00:44:36', '帖子状态有更新', 'topic', 1, '{"id": "202604180033478898buja9h", "title": "[1.20.X|暗黑冒险|维度探索|Boss集群|无冗余] 暗影征程 冒险整合包宣传", "handle": false, "reason": "", "status": 1, "operator": "master"}');
INSERT INTO starfall.user_notice (id, user, create_time, title, type, status, action) VALUES ('un202604180048389936j5wnx5', 'admin', '2026-04-18 00:48:38', '帖子状态有更新', 'topic', 1, '{"id": "202604180033478898buja9h", "title": "[1.20.X|暗黑冒险|维度探索|Boss集群|无冗余] 暗影征程 冒险整合包宣传", "handle": true, "reason": "12312", "status": -1, "operator": "master"}');
INSERT INTO starfall.user_notice (id, user, create_time, title, type, status, action) VALUES ('un20260418004842593144j736', 'master', '2026-04-18 00:48:42', '主题帖已修改通知', 'topic', 1, '{"id": "202604180033478898buja9h", "title": "[1.20.X|暗黑冒险|维度探索|Boss集群|无冗余] 暗影征程 冒险整合包宣传", "handle": true, "status": 0}');
INSERT INTO starfall.user_notice (id, user, create_time, title, type, status, action) VALUES ('un202604180049060014f9sqq6', 'admin', '2026-04-18 00:49:06', '帖子状态有更新', 'topic', 1, '{"id": "202604180033478898buja9h", "title": "[1.20.X|暗黑冒险|维度探索|Boss集群|无冗余] 暗影征程 冒险整合包宣传", "handle": true, "reason": "44444", "status": -1, "operator": "master"}');
INSERT INTO starfall.user_notice (id, user, create_time, title, type, status, action) VALUES ('un202604180049080842dqoeza', 'master', '2026-04-18 00:49:08', '主题帖已修改通知', 'topic', 1, '{"id": "202604180033478898buja9h", "title": "[1.20.X|暗黑冒险|维度探索|Boss集群|无冗余] 暗影征程 冒险整合包宣传", "handle": true, "status": 0}');
INSERT INTO starfall.user_notice (id, user, create_time, title, type, status, action) VALUES ('un202604180049146533t7aynd', 'admin', '2026-04-18 00:49:14', '帖子状态有更新', 'topic', 1, '{"id": "202604180033478898buja9h", "title": "[1.20.X|暗黑冒险|维度探索|Boss集群|无冗余] 暗影征程 冒险整合包宣传", "handle": true, "reason": "444444", "status": -1, "operator": "master"}');
INSERT INTO starfall.user_notice (id, user, create_time, title, type, status, action) VALUES ('un202604180049158823vvdqbr', 'master', '2026-04-18 00:49:15', '主题帖已修改通知', 'topic', 1, '{"id": "202604180033478898buja9h", "title": "[1.20.X|暗黑冒险|维度探索|Boss集群|无冗余] 暗影征程 冒险整合包宣传", "handle": true, "status": 0}');
INSERT INTO starfall.user_notice (id, user, create_time, title, type, status, action) VALUES ('un202604180049194334c58et7', 'admin', '2026-04-18 00:49:19', '帖子状态有更新', 'topic', 1, '{"id": "202604180033478898buja9h", "title": "[1.20.X|暗黑冒险|维度探索|Boss集群|无冗余] 暗影征程 冒险整合包宣传", "handle": false, "reason": "", "status": 1, "operator": "master"}');
INSERT INTO starfall.user_notice (id, user, create_time, title, type, status, action) VALUES ('un202604180304480512qkj8x4', 'newuser', '2026-04-18 03:04:48', '恭喜获得 新人驾到', 'msg', 0, '{"id": "m202212011022334567a4c8", "icon": "/medal/newPlayer.png", "medal": "新人驾到", "gainTime": "2026-04-18 03:04:48", "expireTime": "2026-04-25 03:04:48", "description": "新注册用户所获得的勋章，勋章期限为7天(一周)"}');
INSERT INTO starfall.user_notice (id, user, create_time, title, type, status, action) VALUES ('un202604180834263124tq3dk4', 'admin', '2026-04-18 08:34:26', '直播申请已通过', 'live', 0, '{"id": "lvb202604180833526295u6wmmo", "url": "www.baidu.com", "reason": "4646546565", "status": true, "operator": "admin"}');

INSERT INTO starfall.user_personalized (user, signature, online_uuid, online_name, show_online_name, show_collection, show_birthday, show_gender, show_email, create_time, update_time) VALUES ('admin', ':mc.item.totem_of_undying:我是个管理员:mc.item.totem_of_undying:

谁惹我，我就删库跑路！:mc.item.diamond_sword:

都明白了吗？？？？？？？？？？？:mc.item.barrier:
:mc.item.acacia_chest_boat:
---

:mc.item.chicken:
:2025.creeper.1:
:2026.hourse.1:

不明白就:mc.item.golden_sword:了!!!!!!', '5b161e5b885d456292f51bd9081b30c4', 'Turing_ICE', 0, 0, 0, 0, 0, '2022-02-28 17:32:40', '2026-04-18 03:02:54');
INSERT INTO starfall.user_personalized (user, signature, online_uuid, online_name, show_online_name, show_collection, show_birthday, show_gender, show_email, create_time, update_time) VALUES ('dddddddd', '这个人很懒，什么都没留下~', null, 'ksdadasd', 1, 1, 1, 1, 0, '2026-02-28 17:32:51', '2026-02-28 17:35:21');
INSERT INTO starfall.user_personalized (user, signature, online_uuid, online_name, show_online_name, show_collection, show_birthday, show_gender, show_email, create_time, update_time) VALUES ('eeeeeaa', '这个人很懒，什么都没留下~', null, '231321', 1, 1, 1, 1, 0, '2025-02-28 08:32:53', '2026-02-28 17:35:21');
INSERT INTO starfall.user_personalized (user, signature, online_uuid, online_name, show_online_name, show_collection, show_birthday, show_gender, show_email, create_time, update_time) VALUES ('live_master', '这个人很懒，什么都没留下~', null, 'ga21321', 1, 1, 1, 1, 0, '2024-05-27 22:30:00', '2026-02-28 17:35:21');
INSERT INTO starfall.user_personalized (user, signature, online_uuid, online_name, show_online_name, show_collection, show_birthday, show_gender, show_email, create_time, update_time) VALUES ('master', '这个人很懒，什么都没留下~', '', 'asdas22', 1, 1, 1, 1, 0, '2024-02-23 10:37:17', '2026-02-28 17:35:21');
INSERT INTO starfall.user_personalized (user, signature, online_uuid, online_name, show_online_name, show_collection, show_birthday, show_gender, show_email, create_time, update_time) VALUES ('qwe111', '这个人很懒，什么都没留下~', null, 'dad222', 1, 1, 1, 1, 0, '2024-11-09 06:41:15', '2026-02-28 17:35:21');
INSERT INTO starfall.user_personalized (user, signature, online_uuid, online_name, show_online_name, show_collection, show_birthday, show_gender, show_email, create_time, update_time) VALUES ('resource_master', '这个人很懒，什么都没留下~', null, 'sdasd5366', 0, 1, 0, 1, 0, '2024-04-30 14:37:40', '2026-02-28 17:35:21');
INSERT INTO starfall.user_personalized (user, signature, online_uuid, online_name, show_online_name, show_collection, show_birthday, show_gender, show_email, create_time, update_time) VALUES ('talk_master', '这个人很懒，什么都没留下~', null, 'sdasd', 1, 1, 1, 1, 0, '2024-08-16 06:18:43', '2026-02-28 17:35:21');
INSERT INTO starfall.user_personalized (user, signature, online_uuid, online_name, show_online_name, show_collection, show_birthday, show_gender, show_email, create_time, update_time) VALUES ('test', '这个人很懒，什么都没留下~', null, '12312', 0, 0, 0, 0, 0, '2024-02-23 23:43:00', '2026-02-28 17:35:21');
INSERT INTO starfall.user_personalized (user, signature, online_uuid, online_name, show_online_name, show_collection, show_birthday, show_gender, show_email, create_time, update_time) VALUES ('testtt2', '这个人很懒，什么都没留下~', null, 'sad123214', 1, 1, 1, 1, 0, '2024-08-22 23:42:34', '2026-02-28 17:35:21');
INSERT INTO starfall.user_personalized (user, signature, online_uuid, online_name, show_online_name, show_collection, show_birthday, show_gender, show_email, create_time, update_time) VALUES ('testtt3', '这个人很懒，什么都没留下~', null, 'cc22', 1, 1, 1, 1, 0, '2024-12-20 08:40:21', '2026-02-28 17:35:21');
INSERT INTO starfall.user_personalized (user, signature, online_uuid, online_name, show_online_name, show_collection, show_birthday, show_gender, show_email, create_time, update_time) VALUES ('123456', '这个人很懒~ 什么都没留下', null, null, 0, 0, 0, 0, 0, '2026-04-17 18:09:11', '2026-04-18 02:09:27');
INSERT INTO starfall.user_personalized (user, signature, online_uuid, online_name, show_online_name, show_collection, show_birthday, show_gender, show_email, create_time, update_time) VALUES ('newuser', '这个人很懒，什么都没有留下~', null, null, 1, 1, 1, 1, 0, '2026-04-18 03:04:48', '2026-04-18 03:04:48');

INSERT INTO starfall.user (user, password, name, gender, email, birthday, exp, level, avatar, role, create_time, update_time) VALUES ('123456', '2679a5a3e44284f50cc484d196d52ee4', '123', 1, '123@321.com', '2026-04-18', 0, 0, 'default.png', 'user', '2026-04-15 18:09:11', '2026-04-18 02:09:14');
INSERT INTO starfall.user (user, password, name, gender, email, birthday, exp, level, avatar, role, create_time, update_time) VALUES ('admin', '2679a5a3e44284f50cc484d196d52ee4', '管理员2', 1, '15818961209@163.com', '2027-03-04', 4752, 10, 'user/admin/avatar/2026041802475031765budb6.png', 'admin', '2022-02-28 17:32:40', '2026-04-18 03:04:22');
INSERT INTO starfall.user (user, password, name, gender, email, birthday, exp, level, avatar, role, create_time, update_time) VALUES ('dddddddd', '2679a5a3e44284f50cc484d196d52ee4', 'dadad', 2, '123123123@33.com', '2025-09-04', 0, 0, 'default.png', 'user', '2026-02-28 17:32:51', '2026-02-28 17:34:44');
INSERT INTO starfall.user (user, password, name, gender, email, birthday, exp, level, avatar, role, create_time, update_time) VALUES ('eeeeeaa', '2679a5a3e44284f50cc484d196d52ee4', 'adadasdasda', 0, 'e23@1.com', '2025-09-17', 0, 0, 'default.png', 'user', '2025-02-28 08:32:53', '2026-02-28 17:34:44');
INSERT INTO starfall.user (user, password, name, gender, email, birthday, exp, level, avatar, role, create_time, update_time) VALUES ('live_master', '2679a5a3e44284f50cc484d196d52ee4', '直播大神（版主）', 3, 'live@master.com', '2025-12-31', 0, 1, 'user/live_master/avatar/202601212219588970vogcm2.png', 'live_moderator', '2024-05-27 22:30:00', '2026-02-28 17:34:44');
INSERT INTO starfall.user (user, password, name, gender, email, birthday, exp, level, avatar, role, create_time, update_time) VALUES ('master', '2679a5a3e44284f50cc484d196d52ee4', '我是资源区版主!!!', 3, '1581@163.com', '2024-11-20', 784, 5, 'user/master/avatar/202511050841074698mwbbt4.png', 'resource_moderator', '2024-02-23 10:37:17', '2026-02-28 17:34:44');
INSERT INTO starfall.user (user, password, name, gender, email, birthday, exp, level, avatar, role, create_time, update_time) VALUES ('newuser', '2679a5a3e44284f50cc484d196d52ee4', '新用户20260418', 0, '13@qq.com', '2026-04-18', 0, 1, 'default.png', 'user', '2026-04-18 03:04:48', '2026-04-18 03:04:48');
INSERT INTO starfall.user (user, password, name, gender, email, birthday, exp, level, avatar, role, create_time, update_time) VALUES ('qwe111', '2679a5a3e44284f50cc484d196d52ee4', '新用户709718100', 0, '15818@163.com', '2024-11-27', 0, 1, 'default.png', 'user', '2024-11-09 06:41:15', '2026-02-28 17:34:44');
INSERT INTO starfall.user (user, password, name, gender, email, birthday, exp, level, avatar, role, create_time, update_time) VALUES ('resource_master', '2679a5a3e44284f50cc484d196d52ee4', '资源区版主', 3, 'resource@master.com', '2026-01-01', 0, 1, 'user/resource_master/avatar/2026012022481139206cftqm.png', 'resource_moderator', '2024-04-30 14:37:40', '2026-02-28 17:34:44');
INSERT INTO starfall.user (user, password, name, gender, email, birthday, exp, level, avatar, role, create_time, update_time) VALUES ('talk_master', '2679a5a3e44284f50cc484d196d52ee4', '有话说版主哈', 3, 'talk@master.com', '2025-12-30', 0, 1, 'user/talk_master/avatar/202601202306031918fr8ehu.png', 'talk_moderator', '2024-08-16 06:18:43', '2026-02-28 17:34:44');
INSERT INTO starfall.user (user, password, name, gender, email, birthday, exp, level, avatar, role, create_time, update_time) VALUES ('test', '2679a5a3e44284f50cc484d196d52ee4', '测试账号', 1, 'test@test.com', '2024-03-21', 139, 6, 'user/test/avatar/2025091316315688504eo27j.png', 'user', '2024-02-23 23:43:00', '2026-02-28 17:34:44');
INSERT INTO starfall.user (user, password, name, gender, email, birthday, exp, level, avatar, role, create_time, update_time) VALUES ('testtt2', '2679a5a3e44284f50cc484d196d52ee4', '2131231', 0, '12222123@33.com', '2025-09-10', 0, 0, 'default.png', 'user', '2024-08-22 23:42:34', '2026-02-28 17:34:44');
INSERT INTO starfall.user (user, password, name, gender, email, birthday, exp, level, avatar, role, create_time, update_time) VALUES ('testtt3', '2679a5a3e44284f50cc484d196d52ee4', 'aaaaaaa', 0, '12312333@33.com', '2025-09-03', 0, 0, 'default.png', 'user', '2024-12-20 08:40:21', '2026-02-28 17:34:44');
